[
{
  "model": "authtoken.token",
  "pk": "52f1021a6e32e4202acab1c5c19f0067cc1ce38a",
  "fields": {
    "user": 1,
    "created": "2020-10-14T14:46:13.411Z"
  }
},
{
  "model": "battDB.device",
  "pk": 1,
  "fields": {
    "name": null,
    "status": 10,
    "user_owner": 1,
    "created_on": "2020-10-21T11:34:11.858Z",
    "modified_on": "2020-10-21T11:34:11.858Z",
    "attributes": {},
    "notes": "",
    "slug": "none",
    "devType": 20,
    "terminals": null,
    "is_template": false,
    "manufacturer": null,
    "serialNo": null,
    "specification": null,
    "parent_device": null
  }
},
{
  "model": "battDB.device",
  "pk": 2,
  "fields": {
    "name": "bob's LiPo",
    "status": 10,
    "user_owner": 1,
    "created_on": "2020-10-21T11:36:23.182Z",
    "modified_on": "2020-10-21T11:36:23.182Z",
    "attributes": {},
    "notes": "",
    "slug": "bobs-lipo",
    "devType": 20,
    "terminals": null,
    "is_template": false,
    "manufacturer": 2,
    "serialNo": null,
    "specification": null,
    "parent_device": null
  }
},
{
  "model": "battDB.device",
  "pk": 3,
  "fields": {
    "name": "test 1s LiPo spec",
    "status": 10,
    "user_owner": 1,
    "created_on": "2020-10-22T10:13:00.282Z",
    "modified_on": "2020-10-22T10:13:00.282Z",
    "attributes": {},
    "notes": "fribble",
    "slug": "test-1s-lipo-spec",
    "devType": 20,
    "terminals": null,
    "is_template": true,
    "manufacturer": 1,
    "serialNo": null,
    "specification": null,
    "parent_device": null
  }
},
{
  "model": "battDB.device",
  "pk": 4,
  "fields": {
    "name": "GalvoTron 5000",
    "status": 10,
    "user_owner": 1,
    "created_on": "2020-10-22T10:13:56.649Z",
    "modified_on": "2020-10-22T10:13:56.649Z",
    "attributes": {},
    "notes": "Cycler machine",
    "slug": "galvotron-5000",
    "devType": 1,
    "terminals": null,
    "is_template": true,
    "manufacturer": 2,
    "serialNo": null,
    "specification": null,
    "parent_device": null
  }
},
{
  "model": "battDB.device",
  "pk": 5,
  "fields": {
    "name": "MyCellSpecification",
    "status": 10,
    "user_owner": 1,
    "created_on": "2020-10-22T10:16:00.879Z",
    "modified_on": "2020-10-22T10:16:19.661Z",
    "attributes": {
      "anode_material": "Cheese/Wensleydale"
    },
    "notes": "Test cell spec",
    "slug": "mycellspecification",
    "devType": 20,
    "terminals": null,
    "is_template": true,
    "manufacturer": 1,
    "serialNo": null,
    "specification": null,
    "parent_device": null
  }
},
{
  "model": "battDB.device",
  "pk": 6,
  "fields": {
    "name": "a cell",
    "status": 10,
    "user_owner": 1,
    "created_on": "2020-10-26T12:08:07.603Z",
    "modified_on": "2020-10-26T12:08:07.603Z",
    "attributes": {},
    "notes": "",
    "slug": "a-cell",
    "devType": 20,
    "terminals": "positive, negative",
    "is_template": false,
    "manufacturer": null,
    "serialNo": null,
    "specification": null,
    "parent_device": null
  }
},
{
  "model": "battDB.device",
  "pk": 7,
  "fields": {
    "name": "a module",
    "status": 10,
    "user_owner": 1,
    "created_on": "2020-10-26T12:11:37.377Z",
    "modified_on": "2020-10-26T12:11:37.377Z",
    "attributes": {},
    "notes": "",
    "slug": "a-module",
    "devType": 30,
    "terminals": "positive, negative",
    "is_template": false,
    "manufacturer": null,
    "serialNo": null,
    "specification": null,
    "parent_device": null
  }
},
{
  "model": "battDB.deviceconfig",
  "pk": 1,
  "fields": {
    "name": "2S Module config",
    "status": 10,
    "user_owner": 1,
    "created_on": "2020-10-22T10:19:23.721Z",
    "modified_on": "2020-10-22T10:56:13.735Z",
    "attributes": {},
    "notes": "",
    "slug": "2s-module-config"
  }
},
{
  "model": "battDB.deviceconfignode",
  "pk": 1,
  "fields": {
    "device": 3,
    "config": 1,
    "device_position_id": "1",
    "next": null,
    "device_terminal_name": "Positive",
    "net_name": "Pack +ve"
  }
},
{
  "model": "battDB.deviceconfignode",
  "pk": 2,
  "fields": {
    "device": 3,
    "config": 1,
    "device_position_id": "1",
    "next": 3,
    "device_terminal_name": "Negative",
    "net_name": "Middle"
  }
},
{
  "model": "battDB.deviceconfignode",
  "pk": 3,
  "fields": {
    "device": 3,
    "config": 1,
    "device_position_id": "2",
    "next": 2,
    "device_terminal_name": "Positive",
    "net_name": "Middle"
  }
},
{
  "model": "battDB.deviceconfignode",
  "pk": 4,
  "fields": {
    "device": 3,
    "config": 1,
    "device_position_id": "2",
    "next": null,
    "device_terminal_name": "Negative",
    "net_name": "Pack -ve"
  }
},
{
  "model": "battDB.experiment",
  "pk": 8,
  "fields": {
    "name": "experiment",
    "status": 10,
    "user_owner": 1,
    "created_on": "2020-10-15T17:18:04.905Z",
    "modified_on": "2020-10-15T17:13:05.703Z",
    "attributes": {},
    "notes": null,
    "slug": "bork",
    "date": "2020-08-05",
    "config": null,
    "protocol": null,
    "device": []
  }
},
{
  "model": "battDB.experiment",
  "pk": 9,
  "fields": {
    "name": "fooo",
    "status": 10,
    "user_owner": 1,
    "created_on": "2020-10-15T17:18:04.905Z",
    "modified_on": "2020-10-15T17:13:05.703Z",
    "attributes": {},
    "notes": null,
    "slug": "bork",
    "date": "2020-08-05",
    "config": null,
    "protocol": null,
    "device": []
  }
},
{
  "model": "battDB.rawdatafile",
  "pk": 4,
  "fields": {
    "name": "foo",
    "status": 10,
    "user_owner": 1,
    "created_on": "2020-10-15T17:18:04.945Z",
    "modified_on": "2020-10-15T17:13:05.777Z",
    "attributes": {},
    "notes": "",
    "slug": "bork",
    "raw_data_file": "raw_data_files/BioLogic_full_ozX9y9o.txt",
    "file_hash": "abf6e42283668f8ba9094a0f85411f64"
  }
},
{
  "model": "battDB.rawdatafile",
  "pk": 6,
  "fields": {
    "name": null,
    "status": 10,
    "user_owner": 1,
    "created_on": "2020-10-15T17:18:04.945Z",
    "modified_on": "2020-10-15T17:13:05.777Z",
    "attributes": {},
    "notes": "",
    "slug": "bork",
    "raw_data_file": "raw_data_files/200720_C-rate_test_Co5_cells_1-14_D128_CD1_VveSlEO.mpt",
    "file_hash": "5e68eaf524a479e401facdd53a22dc5a"
  }
},
{
  "model": "battDB.rawdatafile",
  "pk": 8,
  "fields": {
    "name": null,
    "status": 10,
    "user_owner": 1,
    "created_on": "2020-10-15T17:18:04.945Z",
    "modified_on": "2020-10-15T17:13:05.777Z",
    "attributes": {},
    "notes": null,
    "slug": "bork",
    "raw_data_file": "raw_data_files/mug.jpeg",
    "file_hash": ""
  }
},
{
  "model": "common.org",
  "pk": 1,
  "fields": {
    "created_on": "2020-10-21T11:38:47.020Z",
    "modified_on": "2020-10-21T11:38:47.033Z",
    "attributes": {},
    "notes": null,
    "slug": "autogenerated",
    "name": "Imperial College",
    "manager": null,
    "is_research": true,
    "is_publisher": false,
    "is_mfg_cells": true,
    "is_mfg_equip": false,
    "website": "http://imperial.ac.uk"
  }
},
{
  "model": "common.org",
  "pk": 2,
  "fields": {
    "created_on": "2020-10-21T11:38:47.020Z",
    "modified_on": "2020-10-21T11:38:47.033Z",
    "attributes": {},
    "notes": null,
    "slug": "autogenerated",
    "name": "Bob's company",
    "manager": null,
    "is_research": false,
    "is_publisher": false,
    "is_mfg_cells": false,
    "is_mfg_equip": false,
    "website": null
  }
},
{
  "model": "common.person",
  "pk": 1,
  "fields": {
    "longName": "Tom Owen",
    "shortName": "T.Owen",
    "user": 1,
    "org": 1
  }
},
{
  "model": "common.person",
  "pk": 2,
  "fields": {
    "longName": "nobby",
    "shortName": "n",
    "user": null,
    "org": null
  }
},
{
  "model": "common.paper",
  "pk": 1,
  "fields": {
    "status": 10,
    "user_owner": null,
    "created_on": "2020-10-15T17:18:05.103Z",
    "modified_on": "2020-10-19T15:59:28.034Z",
    "attributes": {},
    "notes": ".",
    "slug": "toward-unique-identifiers-2019",
    "DOI": "https://doi.org/10.1109/5.771073",
    "year": 2019,
    "title": "Toward unique identifiers",
    "authors": "",
    "publisher": null,
    "url": "https://ieeexplore.ieee.org/document/771073",
    "PDF": ""
  }
},
{
  "model": "common.thing",
  "pk": 11,
  "fields": {
    "name": "My Module",
    "status": 10,
    "user_owner": null,
    "created_on": "2020-10-26T16:31:06.600Z",
    "modified_on": "2020-10-26T16:31:06.600Z",
    "attributes": {},
    "notes": "",
    "slug": "my-module",
    "type": "Thing",
    "is_specification": false,
    "is_composite": false,
    "specification": null,
    "parent_assembly": null,
    "lft": 1,
    "rght": 8,
    "tree_id": 1,
    "level": 0
  }
},
{
  "model": "common.thing",
  "pk": 12,
  "fields": {
    "name": "Cell 1",
    "status": 10,
    "user_owner": null,
    "created_on": "2020-10-26T16:31:06.602Z",
    "modified_on": "2020-10-26T16:33:20.828Z",
    "attributes": {},
    "notes": "",
    "slug": "cell-1",
    "type": "Thing",
    "is_specification": false,
    "is_composite": false,
    "specification": null,
    "parent_assembly": 11,
    "lft": 2,
    "rght": 5,
    "tree_id": 1,
    "level": 1
  }
},
{
  "model": "common.thing",
  "pk": 13,
  "fields": {
    "name": "Cell 2",
    "status": 10,
    "user_owner": null,
    "created_on": "2020-10-26T16:31:06.603Z",
    "modified_on": "2020-10-26T16:31:06.603Z",
    "attributes": {},
    "notes": "",
    "slug": "cell-2",
    "type": "Thing",
    "is_specification": false,
    "is_composite": false,
    "specification": null,
    "parent_assembly": 11,
    "lft": 6,
    "rght": 7,
    "tree_id": 1,
    "level": 1
  }
},
{
  "model": "common.thing",
  "pk": 14,
  "fields": {
    "name": "PositiveElectrode",
    "status": 10,
    "user_owner": null,
    "created_on": "2020-10-26T16:31:18.650Z",
    "modified_on": "2020-10-26T16:31:18.650Z",
    "attributes": {},
    "notes": "",
    "slug": "positiveelectrode",
    "type": "Thing",
    "is_specification": false,
    "is_composite": false,
    "specification": null,
    "parent_assembly": 12,
    "lft": 3,
    "rght": 4,
    "tree_id": 1,
    "level": 2
  }
},
{
  "model": "dfndb.compound",
  "pk": 1,
  "fields": {
    "name": "Lithium",
    "formula": "Li",
    "mass": 0
  }
},
{
  "model": "dfndb.compound",
  "pk": 2,
  "fields": {
    "name": "Carbon",
    "formula": "C",
    "mass": 0
  }
},
{
  "model": "dfndb.compound",
  "pk": 3,
  "fields": {
    "name": "Manganese",
    "formula": "Mg",
    "mass": 0
  }
},
{
  "model": "dfndb.compound",
  "pk": 4,
  "fields": {
    "name": "Cobalt",
    "formula": "Co",
    "mass": 0
  }
},
{
  "model": "dfndb.compound",
  "pk": 5,
  "fields": {
    "name": "Nickel",
    "formula": "Ni",
    "mass": 0
  }
},
{
  "model": "dfndb.material",
  "pk": 1,
  "fields": {
    "name": "NMC622",
    "status": 10,
    "user_owner": 1,
    "created_on": "2020-10-16T11:16:10.333Z",
    "modified_on": "2020-10-16",
    "attributes": {},
    "notes": "",
    "slug": "bork",
    "type": 1,
    "polymer": 0
  }
},
{
  "model": "dfndb.material",
  "pk": 2,
  "fields": {
    "name": "Graphite",
    "status": 10,
    "user_owner": 1,
    "created_on": "2020-10-16T14:05:13.815Z",
    "modified_on": "2020-10-16",
    "attributes": {},
    "notes": "",
    "slug": "bork",
    "type": 1,
    "polymer": 1
  }
},
{
  "model": "dfndb.material",
  "pk": 3,
  "fields": {
    "name": "Lithium Metal",
    "status": 10,
    "user_owner": 1,
    "created_on": "2020-10-16T14:06:34.982Z",
    "modified_on": "2020-10-16",
    "attributes": {},
    "notes": "",
    "slug": "bork",
    "type": 2,
    "polymer": 0
  }
},
{
  "model": "dfndb.compositionpart",
  "pk": 1,
  "fields": {
    "compound": 5,
    "material": 1,
    "amount": 6
  }
},
{
  "model": "dfndb.compositionpart",
  "pk": 2,
  "fields": {
    "compound": 3,
    "material": 1,
    "amount": 2
  }
},
{
  "model": "dfndb.compositionpart",
  "pk": 3,
  "fields": {
    "compound": 4,
    "material": 1,
    "amount": 2
  }
},
{
  "model": "dfndb.compositionpart",
  "pk": 4,
  "fields": {
    "compound": 2,
    "material": 2,
    "amount": 1
  }
},
{
  "model": "dfndb.compositionpart",
  "pk": 5,
  "fields": {
    "compound": 1,
    "material": 3,
    "amount": 1
  }
},
{
  "model": "dfndb.method",
  "pk": 1,
  "fields": {
    "name": "DFN",
    "status": 10,
    "user_owner": 1,
    "created_on": "2020-10-16T13:09:50.498Z",
    "modified_on": "2020-10-16",
    "attributes": {},
    "notes": "",
    "slug": "bork",
    "type": 2,
    "description": ""
  }
},
{
  "model": "dfndb.method",
  "pk": 2,
  "fields": {
    "name": "GITT",
    "status": 10,
    "user_owner": 1,
    "created_on": "2020-10-16T13:10:00.357Z",
    "modified_on": "2020-10-16",
    "attributes": {},
    "notes": "",
    "slug": "bork",
    "type": 1,
    "description": ""
  }
},
{
  "model": "dfndb.method",
  "pk": 3,
  "fields": {
    "name": "My DFN model",
    "status": 10,
    "user_owner": 1,
    "created_on": "2020-10-26T11:52:26.985Z",
    "modified_on": "2020-10-26",
    "attributes": {},
    "notes": "",
    "slug": "my-dfn-model",
    "type": 1000,
    "description": ""
  }
},
{
  "model": "dfndb.method",
  "pk": 4,
  "fields": {
    "name": "My experimental method",
    "status": 10,
    "user_owner": 1,
    "created_on": "2020-10-26T11:53:05.693Z",
    "modified_on": "2020-10-26",
    "attributes": {},
    "notes": "",
    "slug": "my-experimental-method",
    "type": 2000,
    "description": ""
  }
},
{
  "model": "dfndb.quantityunit",
  "pk": 1,
  "fields": {
    "quantityName": "Voltage",
    "quantitySymbol": "V",
    "unitName": "Volts",
    "unitSymbol": "V",
    "is_SI_unit": true,
    "related_unit": null,
    "related_scale": null
  }
},
{
  "model": "dfndb.quantityunit",
  "pk": 3,
  "fields": {
    "quantityName": "Charge",
    "quantitySymbol": "Q",
    "unitName": "Coulombs",
    "unitSymbol": "C",
    "is_SI_unit": true,
    "related_unit": null,
    "related_scale": null
  }
},
{
  "model": "dfndb.quantityunit",
  "pk": 4,
  "fields": {
    "quantityName": "Power",
    "quantitySymbol": "P",
    "unitName": "Watts",
    "unitSymbol": "W",
    "is_SI_unit": true,
    "related_unit": null,
    "related_scale": null
  }
},
{
  "model": "dfndb.quantityunit",
  "pk": 5,
  "fields": {
    "quantityName": "Current",
    "quantitySymbol": "I",
    "unitName": "Amps",
    "unitSymbol": "A",
    "is_SI_unit": true,
    "related_unit": null,
    "related_scale": null
  }
},
{
  "model": "dfndb.quantityunit",
  "pk": 6,
  "fields": {
    "quantityName": "Distance",
    "quantitySymbol": "d",
    "unitName": "metres",
    "unitSymbol": "m",
    "is_SI_unit": true,
    "related_unit": null,
    "related_scale": null
  }
},
{
  "model": "dfndb.quantityunit",
  "pk": 7,
  "fields": {
    "quantityName": "Distance",
    "quantitySymbol": "d",
    "unitName": "millimetres",
    "unitSymbol": "mm",
    "is_SI_unit": false,
    "related_unit": 6,
    "related_scale": 0.001
  }
},
{
  "model": "dfndb.quantityunit",
  "pk": 8,
  "fields": {
    "quantityName": "Energy",
    "quantitySymbol": "E",
    "unitName": "Joules",
    "unitSymbol": "J",
    "is_SI_unit": true,
    "related_unit": null,
    "related_scale": null
  }
},
{
  "model": "dfndb.quantityunit",
  "pk": 9,
  "fields": {
    "quantityName": "Capacity",
    "quantitySymbol": "C",
    "unitName": "Watt Hours",
    "unitSymbol": "Wh",
    "is_SI_unit": false,
    "related_unit": 8,
    "related_scale": 3600.0
  }
},
{
  "model": "dfndb.quantityunit",
  "pk": 10,
  "fields": {
    "quantityName": "Distance",
    "quantitySymbol": "d",
    "unitName": "nanometres",
    "unitSymbol": "nm",
    "is_SI_unit": false,
    "related_unit": 6,
    "related_scale": 1e-09
  }
},
{
  "model": "dfndb.parameter",
  "pk": 1,
  "fields": {
    "name": "particle radius",
    "status": 10,
    "user_owner": null,
    "created_on": "2020-10-16T12:02:34.855Z",
    "modified_on": "2020-10-16",
    "attributes": [
      "boing",
      "boing"
    ],
    "notes": "",
    "slug": "bork",
    "symbol": "rP",
    "unit": 10
  }
},
{
  "model": "dfndb.parameter",
  "pk": 2,
  "fields": {
    "name": "Thickness",
    "status": 10,
    "user_owner": 1,
    "created_on": "2020-10-16T12:36:29.748Z",
    "modified_on": "2020-10-16",
    "attributes": {},
    "notes": "",
    "slug": "bork",
    "symbol": "t",
    "unit": 6
  }
},
{
  "model": "dfndb.parameter",
  "pk": 3,
  "fields": {
    "name": "Capacity",
    "status": 10,
    "user_owner": 1,
    "created_on": "2020-10-16T12:51:37.090Z",
    "modified_on": "2020-10-16",
    "attributes": {},
    "notes": "",
    "slug": "bork",
    "symbol": "C",
    "unit": 9
  }
},
{
  "model": "dfndb.data",
  "pk": 1,
  "fields": {
    "name": "test foo",
    "status": 10,
    "user_owner": 1,
    "created_on": "2020-10-16T17:01:43.737Z",
    "modified_on": "2020-10-16",
    "attributes": {},
    "notes": "moo",
    "slug": "bork",
    "paper": 1
  }
},
{
  "model": "dfndb.dataparameter",
  "pk": 1,
  "fields": {
    "data": 1,
    "parameter": 1,
    "type": 20,
    "material": 2,
    "value": 100
  }
},
{
  "model": "dfndb.dataparameter",
  "pk": 2,
  "fields": {
    "data": 1,
    "parameter": 1,
    "type": 20,
    "material": 1,
    "value": 400
  }
},
{
  "model": "dfndb.dataparameter",
  "pk": 3,
  "fields": {
    "data": 1,
    "parameter": 3,
    "type": 30,
    "material": null,
    "value": null
  }
},
{
  "model": "admin.logentry",
  "pk": 1,
  "fields": {
    "action_time": "2020-08-04T18:13:10.226Z",
    "user": 1,
    "content_type": 9,
    "object_id": "1",
    "object_repr": "foo",
    "action_flag": 1,
    "change_message": "[{\"added\": {}}]"
  }
},
{
  "model": "admin.logentry",
  "pk": 2,
  "fields": {
    "action_time": "2020-08-04T18:25:35.516Z",
    "user": 1,
    "content_type": 4,
    "object_id": "1",
    "object_repr": "BorkCorp",
    "action_flag": 1,
    "change_message": "[{\"added\": {}}]"
  }
},
{
  "model": "admin.logentry",
  "pk": 3,
  "fields": {
    "action_time": "2020-08-04T18:26:04.905Z",
    "user": 1,
    "content_type": 9,
    "object_id": "1",
    "object_repr": "foo",
    "action_flag": 2,
    "change_message": "[{\"changed\": {\"fields\": [\"manufacturer\"]}}]"
  }
},
{
  "model": "admin.logentry",
  "pk": 4,
  "fields": {
    "action_time": "2020-08-04T18:27:53.921Z",
    "user": 1,
    "content_type": 2,
    "object_id": "1",
    "object_repr": "MyMembrane",
    "action_flag": 1,
    "change_message": "[{\"added\": {}}]"
  }
},
{
  "model": "admin.logentry",
  "pk": 5,
  "fields": {
    "action_time": "2020-08-04T18:28:19.927Z",
    "user": 1,
    "content_type": 1,
    "object_id": "1",
    "object_repr": "MyLiPo",
    "action_flag": 1,
    "change_message": "[{\"added\": {}}]"
  }
},
{
  "model": "admin.logentry",
  "pk": 6,
  "fields": {
    "action_time": "2020-08-04T18:41:57.989Z",
    "user": 1,
    "content_type": 4,
    "object_id": "2",
    "object_repr": "Maccor",
    "action_flag": 1,
    "change_message": "[{\"added\": {}}]"
  }
},
{
  "model": "admin.logentry",
  "pk": 7,
  "fields": {
    "action_time": "2020-08-04T18:42:29.857Z",
    "user": 1,
    "content_type": 16,
    "object_id": "1",
    "object_repr": "GalvoTron 3000",
    "action_flag": 1,
    "change_message": "[{\"added\": {}}]"
  }
},
{
  "model": "admin.logentry",
  "pk": 8,
  "fields": {
    "action_time": "2020-08-04T18:45:01.780Z",
    "user": 1,
    "content_type": 16,
    "object_id": "2",
    "object_repr": "GalvoTron 3000",
    "action_flag": 1,
    "change_message": "[{\"added\": {}}]"
  }
},
{
  "model": "admin.logentry",
  "pk": 9,
  "fields": {
    "action_time": "2020-08-04T18:47:34.828Z",
    "user": 1,
    "content_type": 3,
    "object_id": "1",
    "object_repr": "Tom's GalvoTron 3000",
    "action_flag": 1,
    "change_message": "[{\"added\": {}}]"
  }
},
{
  "model": "admin.logentry",
  "pk": 10,
  "fields": {
    "action_time": "2020-08-04T18:51:08.397Z",
    "user": 1,
    "content_type": 6,
    "object_id": "1",
    "object_repr": "PyBaMM example protocol",
    "action_flag": 1,
    "change_message": "[{\"added\": {}}]"
  }
},
{
  "model": "admin.logentry",
  "pk": 11,
  "fields": {
    "action_time": "2020-08-04T18:52:01.270Z",
    "user": 1,
    "content_type": 7,
    "object_id": "1",
    "object_repr": "Tom's Lab",
    "action_flag": 1,
    "change_message": "[{\"added\": {}}]"
  }
},
{
  "model": "admin.logentry",
  "pk": 12,
  "fields": {
    "action_time": "2020-08-04T18:52:35.233Z",
    "user": 1,
    "content_type": 16,
    "object_id": "1",
    "object_repr": "GalvoTron 3000",
    "action_flag": 3,
    "change_message": ""
  }
},
{
  "model": "admin.logentry",
  "pk": 13,
  "fields": {
    "action_time": "2020-08-04T18:52:52.127Z",
    "user": 1,
    "content_type": 3,
    "object_id": "1",
    "object_repr": "Tom's GalvoTron 3000",
    "action_flag": 2,
    "change_message": "[{\"changed\": {\"fields\": [\"type\"]}}]"
  }
},
{
  "model": "admin.logentry",
  "pk": 14,
  "fields": {
    "action_time": "2020-08-04T18:54:28.563Z",
    "user": 1,
    "content_type": 8,
    "object_id": "1",
    "object_repr": "Experiment object (1)",
    "action_flag": 1,
    "change_message": "[{\"added\": {}}]"
  }
},
{
  "model": "admin.logentry",
  "pk": 15,
  "fields": {
    "action_time": "2020-08-04T19:17:17.174Z",
    "user": 1,
    "content_type": 17,
    "object_id": "1",
    "object_repr": "4s",
    "action_flag": 1,
    "change_message": "[{\"added\": {}}]"
  }
},
{
  "model": "admin.logentry",
  "pk": 16,
  "fields": {
    "action_time": "2020-08-04T19:26:50.203Z",
    "user": 1,
    "content_type": 8,
    "object_id": "1",
    "object_repr": "test test",
    "action_flag": 2,
    "change_message": "[{\"changed\": {\"fields\": [\"cells\", \"processed_data_file\"]}}]"
  }
},
{
  "model": "admin.logentry",
  "pk": 17,
  "fields": {
    "action_time": "2020-08-04T19:36:45.200Z",
    "user": 1,
    "content_type": 8,
    "object_id": "1",
    "object_repr": "test test",
    "action_flag": 2,
    "change_message": "[{\"changed\": {\"fields\": [\"raw_data_file\", \"processed_data_file\"]}}]"
  }
},
{
  "model": "admin.logentry",
  "pk": 18,
  "fields": {
    "action_time": "2020-08-05T12:09:30.332Z",
    "user": 1,
    "content_type": 8,
    "object_id": "1",
    "object_repr": "tom/test test/2020-08-04",
    "action_flag": 3,
    "change_message": ""
  }
},
{
  "model": "admin.logentry",
  "pk": 19,
  "fields": {
    "action_time": "2020-08-05T12:09:41.169Z",
    "user": 1,
    "content_type": 8,
    "object_id": "6",
    "object_repr": "tom/test test/2020-08-05",
    "action_flag": 3,
    "change_message": ""
  }
},
{
  "model": "admin.logentry",
  "pk": 20,
  "fields": {
    "action_time": "2020-08-05T12:09:41.245Z",
    "user": 1,
    "content_type": 8,
    "object_id": "5",
    "object_repr": "None/test test/2020-08-05",
    "action_flag": 3,
    "change_message": ""
  }
},
{
  "model": "admin.logentry",
  "pk": 21,
  "fields": {
    "action_time": "2020-08-05T12:09:41.270Z",
    "user": 1,
    "content_type": 8,
    "object_id": "4",
    "object_repr": "None/test test/2020-08-05",
    "action_flag": 3,
    "change_message": ""
  }
},
{
  "model": "admin.logentry",
  "pk": 22,
  "fields": {
    "action_time": "2020-08-05T12:15:42.946Z",
    "user": 1,
    "content_type": 8,
    "object_id": "3",
    "object_repr": "tom/test2/2020-08-05",
    "action_flag": 2,
    "change_message": "[{\"changed\": {\"fields\": [\"owner\", \"cells\", \"processed_data_file\"]}}]"
  }
},
{
  "model": "admin.logentry",
  "pk": 23,
  "fields": {
    "action_time": "2020-08-05T12:15:47.904Z",
    "user": 1,
    "content_type": 8,
    "object_id": "3",
    "object_repr": "tom/test2/2020-08-05",
    "action_flag": 2,
    "change_message": "[]"
  }
},
{
  "model": "admin.logentry",
  "pk": 24,
  "fields": {
    "action_time": "2020-08-05T12:17:32.857Z",
    "user": 1,
    "content_type": 8,
    "object_id": "3",
    "object_repr": "tom/test2/2020-08-05",
    "action_flag": 3,
    "change_message": ""
  }
},
{
  "model": "admin.logentry",
  "pk": 25,
  "fields": {
    "action_time": "2020-08-05T12:31:33.566Z",
    "user": 1,
    "content_type": 8,
    "object_id": "8",
    "object_repr": "tom/experiment/2020-08-05",
    "action_flag": 1,
    "change_message": "[{\"added\": {}}]"
  }
},
{
  "model": "admin.logentry",
  "pk": 26,
  "fields": {
    "action_time": "2020-08-05T23:08:50.931Z",
    "user": 1,
    "content_type": 8,
    "object_id": "9",
    "object_repr": "tom/foo/2020-08-05",
    "action_flag": 2,
    "change_message": "[{\"changed\": {\"fields\": [\"cells\"]}}]"
  }
},
{
  "model": "admin.logentry",
  "pk": 27,
  "fields": {
    "action_time": "2020-08-05T23:16:01.095Z",
    "user": 1,
    "content_type": 8,
    "object_id": "9",
    "object_repr": "tom/foo/2020-08-05",
    "action_flag": 2,
    "change_message": "[]"
  }
},
{
  "model": "admin.logentry",
  "pk": 28,
  "fields": {
    "action_time": "2020-08-05T23:16:07.479Z",
    "user": 1,
    "content_type": 8,
    "object_id": "9",
    "object_repr": "tom/foo/2020-08-05",
    "action_flag": 2,
    "change_message": "[]"
  }
},
{
  "model": "admin.logentry",
  "pk": 29,
  "fields": {
    "action_time": "2020-08-05T23:33:13.820Z",
    "user": 1,
    "content_type": 8,
    "object_id": "9",
    "object_repr": "tom/foo/2020-08-05",
    "action_flag": 2,
    "change_message": "[]"
  }
},
{
  "model": "admin.logentry",
  "pk": 30,
  "fields": {
    "action_time": "2020-08-05T23:34:15.902Z",
    "user": 1,
    "content_type": 8,
    "object_id": "9",
    "object_repr": "tom/foo/2020-08-05",
    "action_flag": 2,
    "change_message": "[{\"changed\": {\"fields\": [\"analysis\"]}}]"
  }
},
{
  "model": "admin.logentry",
  "pk": 31,
  "fields": {
    "action_time": "2020-08-05T23:34:26.132Z",
    "user": 1,
    "content_type": 8,
    "object_id": "9",
    "object_repr": "tom/foo/2020-08-05",
    "action_flag": 2,
    "change_message": "[{\"changed\": {\"fields\": [\"analysis\"]}}]"
  }
},
{
  "model": "admin.logentry",
  "pk": 32,
  "fields": {
    "action_time": "2020-08-11T10:11:31.211Z",
    "user": 1,
    "content_type": 12,
    "object_id": "2",
    "object_repr": "jacql",
    "action_flag": 1,
    "change_message": "[{\"added\": {}}]"
  }
},
{
  "model": "admin.logentry",
  "pk": 33,
  "fields": {
    "action_time": "2020-08-11T10:12:39.097Z",
    "user": 1,
    "content_type": 12,
    "object_id": "2",
    "object_repr": "jacql",
    "action_flag": 2,
    "change_message": "[{\"changed\": {\"fields\": [\"first_name\", \"last_name\", \"email\", \"is_staff\", \"is_superuser\", \"user_permissions\"]}}]"
  }
},
{
  "model": "admin.logentry",
  "pk": 34,
  "fields": {
    "action_time": "2020-08-11T10:13:06.916Z",
    "user": 1,
    "content_type": 11,
    "object_id": "1",
    "object_repr": "Administrators",
    "action_flag": 1,
    "change_message": "[{\"added\": {}}]"
  }
},
{
  "model": "admin.logentry",
  "pk": 35,
  "fields": {
    "action_time": "2020-08-11T10:14:31.126Z",
    "user": 1,
    "content_type": 11,
    "object_id": "2",
    "object_repr": "Experimenters",
    "action_flag": 1,
    "change_message": "[{\"added\": {}}]"
  }
},
{
  "model": "admin.logentry",
  "pk": 36,
  "fields": {
    "action_time": "2020-08-12T10:25:52.862Z",
    "user": 1,
    "content_type": 8,
    "object_id": "9",
    "object_repr": "tom/foo/2020-08-05",
    "action_flag": 2,
    "change_message": "[]"
  }
},
{
  "model": "admin.logentry",
  "pk": 37,
  "fields": {
    "action_time": "2020-08-12T10:26:41.764Z",
    "user": 1,
    "content_type": 8,
    "object_id": "9",
    "object_repr": "tom/foo/2020-08-05",
    "action_flag": 2,
    "change_message": "[]"
  }
},
{
  "model": "admin.logentry",
  "pk": 38,
  "fields": {
    "action_time": "2020-08-12T14:11:16.810Z",
    "user": 1,
    "content_type": 8,
    "object_id": "9",
    "object_repr": "tom/foo/2020-08-05",
    "action_flag": 2,
    "change_message": "[]"
  }
},
{
  "model": "admin.logentry",
  "pk": 39,
  "fields": {
    "action_time": "2020-08-12T14:11:41.598Z",
    "user": 1,
    "content_type": 8,
    "object_id": "9",
    "object_repr": "tom/foo/2020-08-05",
    "action_flag": 2,
    "change_message": "[]"
  }
},
{
  "model": "admin.logentry",
  "pk": 40,
  "fields": {
    "action_time": "2020-08-12T14:11:42.044Z",
    "user": 1,
    "content_type": 8,
    "object_id": "9",
    "object_repr": "tom/foo/2020-08-05",
    "action_flag": 2,
    "change_message": "[]"
  }
},
{
  "model": "admin.logentry",
  "pk": 41,
  "fields": {
    "action_time": "2020-08-12T14:14:51.399Z",
    "user": 1,
    "content_type": 8,
    "object_id": "9",
    "object_repr": "tom/fooo/2020-08-05",
    "action_flag": 2,
    "change_message": "[{\"changed\": {\"fields\": [\"name\"]}}]"
  }
},
{
  "model": "admin.logentry",
  "pk": 42,
  "fields": {
    "action_time": "2020-08-12T14:15:48.104Z",
    "user": 1,
    "content_type": 8,
    "object_id": "9",
    "object_repr": "tom/fooo/2020-08-05",
    "action_flag": 2,
    "change_message": "[]"
  }
},
{
  "model": "admin.logentry",
  "pk": 43,
  "fields": {
    "action_time": "2020-08-12T14:19:51.603Z",
    "user": 1,
    "content_type": 8,
    "object_id": "9",
    "object_repr": "tom/fooo/2020-08-05",
    "action_flag": 2,
    "change_message": "[]"
  }
},
{
  "model": "admin.logentry",
  "pk": 44,
  "fields": {
    "action_time": "2020-08-12T14:25:19.660Z",
    "user": 1,
    "content_type": 8,
    "object_id": "9",
    "object_repr": "tom/fooo/2020-08-05",
    "action_flag": 2,
    "change_message": "[]"
  }
},
{
  "model": "admin.logentry",
  "pk": 45,
  "fields": {
    "action_time": "2020-08-12T14:28:15.196Z",
    "user": 1,
    "content_type": 8,
    "object_id": "9",
    "object_repr": "tom/fooo/2020-08-05",
    "action_flag": 2,
    "change_message": "[]"
  }
},
{
  "model": "admin.logentry",
  "pk": 46,
  "fields": {
    "action_time": "2020-08-12T14:34:24.734Z",
    "user": 1,
    "content_type": 8,
    "object_id": "9",
    "object_repr": "tom/fooo/2020-08-05",
    "action_flag": 2,
    "change_message": "[]"
  }
},
{
  "model": "admin.logentry",
  "pk": 47,
  "fields": {
    "action_time": "2020-08-12T14:34:28.362Z",
    "user": 1,
    "content_type": 8,
    "object_id": "8",
    "object_repr": "tom/experiment/2020-08-05",
    "action_flag": 2,
    "change_message": "[]"
  }
},
{
  "model": "admin.logentry",
  "pk": 48,
  "fields": {
    "action_time": "2020-08-13T08:53:36.744Z",
    "user": 1,
    "content_type": 12,
    "object_id": "3",
    "object_repr": "binbin",
    "action_flag": 1,
    "change_message": "[{\"added\": {}}]"
  }
},
{
  "model": "admin.logentry",
  "pk": 49,
  "fields": {
    "action_time": "2020-08-13T08:54:53.286Z",
    "user": 1,
    "content_type": 12,
    "object_id": "3",
    "object_repr": "binbin",
    "action_flag": 2,
    "change_message": "[{\"changed\": {\"fields\": [\"first_name\", \"last_name\", \"is_staff\", \"groups\"]}}]"
  }
},
{
  "model": "admin.logentry",
  "pk": 50,
  "fields": {
    "action_time": "2020-08-13T09:08:11.603Z",
    "user": 1,
    "content_type": 18,
    "object_id": "1",
    "object_repr": "BioLogic_full_u455xrV.txt",
    "action_flag": 1,
    "change_message": "[{\"added\": {}}]"
  }
},
{
  "model": "admin.logentry",
  "pk": 51,
  "fields": {
    "action_time": "2020-08-13T10:32:39.184Z",
    "user": 1,
    "content_type": 12,
    "object_id": "3",
    "object_repr": "binbin",
    "action_flag": 2,
    "change_message": "[{\"changed\": {\"fields\": [\"is_superuser\"]}}]"
  }
},
{
  "model": "admin.logentry",
  "pk": 52,
  "fields": {
    "action_time": "2020-08-13T10:45:05.248Z",
    "user": 3,
    "content_type": 18,
    "object_id": "1",
    "object_repr": "BioLogic_full_u455xrV.txt",
    "action_flag": 2,
    "change_message": "[]"
  }
},
{
  "model": "admin.logentry",
  "pk": 53,
  "fields": {
    "action_time": "2020-08-13T10:45:09.003Z",
    "user": 3,
    "content_type": 18,
    "object_id": "1",
    "object_repr": "BioLogic_full_u455xrV.txt",
    "action_flag": 2,
    "change_message": "[]"
  }
},
{
  "model": "admin.logentry",
  "pk": 54,
  "fields": {
    "action_time": "2020-08-13T10:45:59.648Z",
    "user": 3,
    "content_type": 18,
    "object_id": "1",
    "object_repr": "200720_C-rate_test_Co5_cells_1-14_D128_CD1.mpt",
    "action_flag": 2,
    "change_message": "[{\"changed\": {\"fields\": [\"raw_data_file\"]}}]"
  }
},
{
  "model": "admin.logentry",
  "pk": 55,
  "fields": {
    "action_time": "2020-08-13T10:46:07.851Z",
    "user": 1,
    "content_type": 18,
    "object_id": "1",
    "object_repr": "bio-logic-data-table.tsv",
    "action_flag": 2,
    "change_message": "[{\"changed\": {\"fields\": [\"raw_data_file\"]}}]"
  }
},
{
  "model": "admin.logentry",
  "pk": 56,
  "fields": {
    "action_time": "2020-08-13T10:46:37.388Z",
    "user": 1,
    "content_type": 18,
    "object_id": "1",
    "object_repr": "BioLogic_full_Bq7ABsZ.txt",
    "action_flag": 2,
    "change_message": "[{\"changed\": {\"fields\": [\"raw_data_file\"]}}]"
  }
},
{
  "model": "admin.logentry",
  "pk": 57,
  "fields": {
    "action_time": "2020-08-13T10:47:51.783Z",
    "user": 3,
    "content_type": 18,
    "object_id": "2",
    "object_repr": "200720_C-rate_test_Co5_cells_1-14_D128_CD1_l9X9cj2.mpt",
    "action_flag": 1,
    "change_message": "[{\"added\": {}}]"
  }
},
{
  "model": "admin.logentry",
  "pk": 58,
  "fields": {
    "action_time": "2020-08-13T12:41:16.801Z",
    "user": 1,
    "content_type": 18,
    "object_id": "2",
    "object_repr": "200720_C-rate_test_Co5_cells_1-14_D128_CD1_l9X9cj2.mpt",
    "action_flag": 2,
    "change_message": "[]"
  }
},
{
  "model": "admin.logentry",
  "pk": 59,
  "fields": {
    "action_time": "2020-08-13T12:44:28.732Z",
    "user": 1,
    "content_type": 18,
    "object_id": "2",
    "object_repr": "200720_C-rate_test_Co5_cells_1-14_D128_CD1_l9X9cj2.mpt",
    "action_flag": 2,
    "change_message": "[]"
  }
},
{
  "model": "admin.logentry",
  "pk": 60,
  "fields": {
    "action_time": "2020-08-13T12:45:10.469Z",
    "user": 1,
    "content_type": 18,
    "object_id": "2",
    "object_repr": "200720_C-rate_test_Co5_cells_1-14_D128_CD1_l9X9cj2.mpt",
    "action_flag": 2,
    "change_message": "[]"
  }
},
{
  "model": "admin.logentry",
  "pk": 61,
  "fields": {
    "action_time": "2020-08-13T13:56:13.246Z",
    "user": 3,
    "content_type": 18,
    "object_id": "2",
    "object_repr": "200720_C-rate_test_Co5_cells_1-14_D128_CD1_rRcvu3U.mpt",
    "action_flag": 2,
    "change_message": "[{\"changed\": {\"fields\": [\"raw_data_file\"]}}]"
  }
},
{
  "model": "admin.logentry",
  "pk": 62,
  "fields": {
    "action_time": "2020-08-13T14:42:26.567Z",
    "user": 1,
    "content_type": 18,
    "object_id": "2",
    "object_repr": "200720_C-rate_test_Co5_cells_1-14_D128_CD1_rRcvu3U.mpt",
    "action_flag": 2,
    "change_message": "[]"
  }
},
{
  "model": "admin.logentry",
  "pk": 63,
  "fields": {
    "action_time": "2020-08-13T14:43:05.748Z",
    "user": 1,
    "content_type": 18,
    "object_id": "3",
    "object_repr": "200720_C-rate_test_Co5_cells_1-14_D128_CD1_xETlkXH.mpt",
    "action_flag": 1,
    "change_message": "[{\"added\": {}}]"
  }
},
{
  "model": "admin.logentry",
  "pk": 64,
  "fields": {
    "action_time": "2020-08-13T14:43:11.157Z",
    "user": 1,
    "content_type": 18,
    "object_id": "2",
    "object_repr": "200720_C-rate_test_Co5_cells_1-14_D128_CD1_rRcvu3U.mpt",
    "action_flag": 2,
    "change_message": "[]"
  }
},
{
  "model": "admin.logentry",
  "pk": 65,
  "fields": {
    "action_time": "2020-08-13T14:43:45.614Z",
    "user": 1,
    "content_type": 18,
    "object_id": "3",
    "object_repr": "200720_C-rate_test_Co5_cells_1-14_D128_CD1_oa7otTL.mpt",
    "action_flag": 2,
    "change_message": "[{\"changed\": {\"fields\": [\"raw_data_file\"]}}]"
  }
},
{
  "model": "admin.logentry",
  "pk": 66,
  "fields": {
    "action_time": "2020-08-13T14:46:34.261Z",
    "user": 1,
    "content_type": 18,
    "object_id": "3",
    "object_repr": "200720_C-rate_test_Co5_cells_1-14_D128_CD1_lj6rngx.mpt",
    "action_flag": 2,
    "change_message": "[{\"changed\": {\"fields\": [\"raw_data_file\"]}}]"
  }
},
{
  "model": "admin.logentry",
  "pk": 67,
  "fields": {
    "action_time": "2020-08-13T14:52:59.611Z",
    "user": 1,
    "content_type": 18,
    "object_id": "3",
    "object_repr": "200720_C-rate_test_Co5_cells_1-14_D128_CD1_lj6rngx.mpt",
    "action_flag": 2,
    "change_message": "[]"
  }
},
{
  "model": "admin.logentry",
  "pk": 68,
  "fields": {
    "action_time": "2020-08-13T14:53:09.682Z",
    "user": 1,
    "content_type": 18,
    "object_id": "3",
    "object_repr": "200720_C-rate_test_Co5_cells_1-14_D128_CD1_lvMpGzm.mpt",
    "action_flag": 2,
    "change_message": "[{\"changed\": {\"fields\": [\"raw_data_file\"]}}]"
  }
},
{
  "model": "admin.logentry",
  "pk": 69,
  "fields": {
    "action_time": "2020-08-13T14:54:23.605Z",
    "user": 1,
    "content_type": 18,
    "object_id": "3",
    "object_repr": "200720_C-rate_test_Co5_cells_1-14_D128_CD1_lvMpGzm.mpt",
    "action_flag": 2,
    "change_message": "[{\"changed\": {\"fields\": [\"experiment\"]}}]"
  }
},
{
  "model": "admin.logentry",
  "pk": 70,
  "fields": {
    "action_time": "2020-08-13T14:55:13.379Z",
    "user": 1,
    "content_type": 8,
    "object_id": "9",
    "object_repr": "tom/fooo/2020-08-05",
    "action_flag": 2,
    "change_message": "[{\"changed\": {\"fields\": [\"analysis\"]}}]"
  }
},
{
  "model": "admin.logentry",
  "pk": 71,
  "fields": {
    "action_time": "2020-08-15T15:26:07.435Z",
    "user": 1,
    "content_type": 19,
    "object_id": "1",
    "object_repr": "200720_C-rate_test_Co5_cells_1-14_D128_CD1_a0fZder.mpt",
    "action_flag": 1,
    "change_message": "[{\"added\": {}}]"
  }
},
{
  "model": "admin.logentry",
  "pk": 72,
  "fields": {
    "action_time": "2020-08-15T15:26:20.330Z",
    "user": 1,
    "content_type": 19,
    "object_id": "1",
    "object_repr": "200720_C-rate_test_Co5_cells_1-14_D128_CD1_a0fZder.mpt",
    "action_flag": 2,
    "change_message": "[]"
  }
},
{
  "model": "admin.logentry",
  "pk": 73,
  "fields": {
    "action_time": "2020-08-15T15:27:19.328Z",
    "user": 1,
    "content_type": 19,
    "object_id": "1",
    "object_repr": "200720_C-rate_test_Co5_cells_1-14_D128_CD1_a0fZder.mpt",
    "action_flag": 2,
    "change_message": "[]"
  }
},
{
  "model": "admin.logentry",
  "pk": 74,
  "fields": {
    "action_time": "2020-08-15T15:29:00.149Z",
    "user": 1,
    "content_type": 19,
    "object_id": "1",
    "object_repr": "200720_C-rate_test_Co5_cells_1-14_D128_CD1_a0fZder.mpt",
    "action_flag": 2,
    "change_message": "[]"
  }
},
{
  "model": "admin.logentry",
  "pk": 75,
  "fields": {
    "action_time": "2020-08-15T15:35:13.104Z",
    "user": 1,
    "content_type": 19,
    "object_id": "1",
    "object_repr": "200720_C-rate_test_Co5_cells_1-14_D128_CD1_a0fZder.mpt",
    "action_flag": 2,
    "change_message": "[]"
  }
},
{
  "model": "admin.logentry",
  "pk": 76,
  "fields": {
    "action_time": "2020-08-15T15:44:43.695Z",
    "user": 1,
    "content_type": 19,
    "object_id": "1",
    "object_repr": "200720_C-rate_test_Co5_cells_1-14_D128_CD1_a0fZder.mpt",
    "action_flag": 2,
    "change_message": "[]"
  }
},
{
  "model": "admin.logentry",
  "pk": 77,
  "fields": {
    "action_time": "2020-08-15T21:01:36.300Z",
    "user": 1,
    "content_type": 19,
    "object_id": "1",
    "object_repr": "200720_C-rate_test_Co5_cells_1-14_D128_CD1_a0fZder.mpt",
    "action_flag": 2,
    "change_message": "[]"
  }
},
{
  "model": "admin.logentry",
  "pk": 78,
  "fields": {
    "action_time": "2020-08-15T21:02:36.949Z",
    "user": 1,
    "content_type": 19,
    "object_id": "1",
    "object_repr": "200720_C-rate_test_Co5_cells_1-14_D128_CD1_a0fZder.mpt",
    "action_flag": 2,
    "change_message": "[]"
  }
},
{
  "model": "admin.logentry",
  "pk": 79,
  "fields": {
    "action_time": "2020-08-15T21:04:51.218Z",
    "user": 1,
    "content_type": 19,
    "object_id": "1",
    "object_repr": "200720_C-rate_test_Co5_cells_1-14_D128_CD1_a0fZder.mpt",
    "action_flag": 2,
    "change_message": "[]"
  }
},
{
  "model": "admin.logentry",
  "pk": 80,
  "fields": {
    "action_time": "2020-08-15T21:05:28.350Z",
    "user": 1,
    "content_type": 19,
    "object_id": "1",
    "object_repr": "200720_C-rate_test_Co5_cells_1-14_D128_CD1_a0fZder.mpt",
    "action_flag": 2,
    "change_message": "[]"
  }
},
{
  "model": "admin.logentry",
  "pk": 81,
  "fields": {
    "action_time": "2020-08-15T21:15:17.813Z",
    "user": 1,
    "content_type": 19,
    "object_id": "1",
    "object_repr": "200720_C-rate_test_Co5_cells_1-14_D128_CD1_a0fZder.mpt",
    "action_flag": 2,
    "change_message": "[]"
  }
},
{
  "model": "admin.logentry",
  "pk": 82,
  "fields": {
    "action_time": "2020-08-15T21:15:35.627Z",
    "user": 1,
    "content_type": 19,
    "object_id": "1",
    "object_repr": "200720_C-rate_test_Co5_cells_1-14_D128_CD1_a0fZder.mpt",
    "action_flag": 2,
    "change_message": "[]"
  }
},
{
  "model": "admin.logentry",
  "pk": 84,
  "fields": {
    "action_time": "2020-08-16T15:02:44.784Z",
    "user": 1,
    "content_type": 12,
    "object_id": "6",
    "object_repr": "rishi",
    "action_flag": 1,
    "change_message": "[{\"added\": {}}]"
  }
},
{
  "model": "admin.logentry",
  "pk": 85,
  "fields": {
    "action_time": "2020-08-16T15:03:02.079Z",
    "user": 1,
    "content_type": 12,
    "object_id": "6",
    "object_repr": "rishi",
    "action_flag": 2,
    "change_message": "[{\"changed\": {\"fields\": [\"is_staff\", \"is_superuser\"]}}]"
  }
},
{
  "model": "admin.logentry",
  "pk": 86,
  "fields": {
    "action_time": "2020-08-17T12:09:14.120Z",
    "user": 1,
    "content_type": 19,
    "object_id": "1",
    "object_repr": "200720_C-rate_test_Co5_cells_1-14_D128_CD1_a0fZder.mpt",
    "action_flag": 2,
    "change_message": "[]"
  }
},
{
  "model": "admin.logentry",
  "pk": 87,
  "fields": {
    "action_time": "2020-09-03T18:08:40.505Z",
    "user": 1,
    "content_type": 5,
    "object_id": "1",
    "object_repr": "Voltage",
    "action_flag": 1,
    "change_message": "[{\"added\": {}}]"
  }
},
{
  "model": "admin.logentry",
  "pk": 88,
  "fields": {
    "action_time": "2020-09-03T18:08:49.552Z",
    "user": 1,
    "content_type": 5,
    "object_id": "2",
    "object_repr": "Current",
    "action_flag": 1,
    "change_message": "[{\"added\": {}}]"
  }
},
{
  "model": "admin.logentry",
  "pk": 89,
  "fields": {
    "action_time": "2020-09-03T18:09:08.482Z",
    "user": 1,
    "content_type": 5,
    "object_id": "3",
    "object_repr": "Temperature",
    "action_flag": 1,
    "change_message": "[{\"added\": {}}]"
  }
},
{
  "model": "admin.logentry",
  "pk": 90,
  "fields": {
    "action_time": "2020-09-03T18:09:18.249Z",
    "user": 1,
    "content_type": 5,
    "object_id": "4",
    "object_repr": "Time",
    "action_flag": 1,
    "change_message": "[{\"added\": {}}]"
  }
},
{
  "model": "admin.logentry",
  "pk": 91,
  "fields": {
    "action_time": "2020-09-03T18:12:30.310Z",
    "user": 1,
    "content_type": 5,
    "object_id": "4",
    "object_repr": "Time",
    "action_flag": 2,
    "change_message": "[{\"changed\": {\"fields\": [\"unit\"]}}]"
  }
},
{
  "model": "admin.logentry",
  "pk": 92,
  "fields": {
    "action_time": "2020-09-03T18:16:46.720Z",
    "user": 1,
    "content_type": 5,
    "object_id": "4",
    "object_repr": "Time/s",
    "action_flag": 2,
    "change_message": "[{\"changed\": {\"fields\": [\"unit_symbol\"]}}]"
  }
},
{
  "model": "admin.logentry",
  "pk": 93,
  "fields": {
    "action_time": "2020-09-03T18:17:17.039Z",
    "user": 1,
    "content_type": 5,
    "object_id": "3",
    "object_repr": "Temperature/°C",
    "action_flag": 2,
    "change_message": "[{\"changed\": {\"fields\": [\"unit_symbol\"]}}]"
  }
},
{
  "model": "admin.logentry",
  "pk": 94,
  "fields": {
    "action_time": "2020-09-03T18:17:33.724Z",
    "user": 1,
    "content_type": 5,
    "object_id": "2",
    "object_repr": "Current/A",
    "action_flag": 2,
    "change_message": "[{\"changed\": {\"fields\": [\"unit_name\", \"unit_symbol\"]}}]"
  }
},
{
  "model": "admin.logentry",
  "pk": 95,
  "fields": {
    "action_time": "2020-09-03T18:17:40.814Z",
    "user": 1,
    "content_type": 5,
    "object_id": "3",
    "object_repr": "Temperature/°C",
    "action_flag": 2,
    "change_message": "[{\"changed\": {\"fields\": [\"unit_name\"]}}]"
  }
},
{
  "model": "admin.logentry",
  "pk": 96,
  "fields": {
    "action_time": "2020-09-03T18:18:31.397Z",
    "user": 1,
    "content_type": 5,
    "object_id": "1",
    "object_repr": "Voltage/V",
    "action_flag": 2,
    "change_message": "[{\"changed\": {\"fields\": [\"unit_name\", \"unit_symbol\"]}}]"
  }
},
{
  "model": "admin.logentry",
  "pk": 97,
  "fields": {
    "action_time": "2020-09-03T18:18:54.762Z",
    "user": 1,
    "content_type": 5,
    "object_id": "5",
    "object_repr": "Power/W",
    "action_flag": 1,
    "change_message": "[{\"added\": {}}]"
  }
},
{
  "model": "admin.logentry",
  "pk": 98,
  "fields": {
    "action_time": "2020-09-03T19:56:48.721Z",
    "user": 1,
    "content_type": 23,
    "object_id": "1",
    "object_repr": "200720_C-rate_test_Co5_cells_1-14_D128_CD1_VhdOTOf.mpt",
    "action_flag": 1,
    "change_message": "[{\"added\": {}}]"
  }
},
{
  "model": "admin.logentry",
  "pk": 99,
  "fields": {
    "action_time": "2020-09-03T23:49:08.152Z",
    "user": 1,
    "content_type": 22,
    "object_id": "1",
    "object_repr": "charging",
    "action_flag": 1,
    "change_message": "[{\"added\": {}}]"
  }
},
{
  "model": "admin.logentry",
  "pk": 100,
  "fields": {
    "action_time": "2020-09-03T23:51:23.683Z",
    "user": 1,
    "content_type": 22,
    "object_id": "1",
    "object_repr": "200720_C-rate_test_Co5_cells_1-14_D128_CD1_VhdOTOf.mpt/1: charging",
    "action_flag": 2,
    "change_message": "[]"
  }
},
{
  "model": "admin.logentry",
  "pk": 101,
  "fields": {
    "action_time": "2020-09-04T14:48:15.352Z",
    "user": 1,
    "content_type": 22,
    "object_id": "1",
    "object_repr": "200720_C-rate_test_Co5_cells_1-14_D128_CD1_VhdOTOf.mpt/1: charging",
    "action_flag": 2,
    "change_message": "[{\"changed\": {\"fields\": [\"ts_data\"]}}]"
  }
},
{
  "model": "admin.logentry",
  "pk": 102,
  "fields": {
    "action_time": "2020-10-08T10:47:13.873Z",
    "user": 1,
    "content_type": 12,
    "object_id": "6",
    "object_repr": "rishi",
    "action_flag": 3,
    "change_message": ""
  }
},
{
  "model": "admin.logentry",
  "pk": 103,
  "fields": {
    "action_time": "2020-10-08T11:45:34.247Z",
    "user": 1,
    "content_type": 36,
    "object_id": "1",
    "object_repr": "Person object (1)",
    "action_flag": 1,
    "change_message": "[{\"added\": {}}]"
  }
},
{
  "model": "admin.logentry",
  "pk": 104,
  "fields": {
    "action_time": "2020-10-08T11:55:45.058Z",
    "user": 1,
    "content_type": 34,
    "object_id": "1",
    "object_repr": "Imperial College",
    "action_flag": 1,
    "change_message": "[{\"added\": {}}]"
  }
},
{
  "model": "admin.logentry",
  "pk": 105,
  "fields": {
    "action_time": "2020-10-08T11:59:15.023Z",
    "user": 1,
    "content_type": 34,
    "object_id": "1",
    "object_repr": "Imperial College",
    "action_flag": 2,
    "change_message": "[]"
  }
},
{
  "model": "admin.logentry",
  "pk": 106,
  "fields": {
    "action_time": "2020-10-08T11:59:28.496Z",
    "user": 1,
    "content_type": 36,
    "object_id": "1",
    "object_repr": "Tom Owen",
    "action_flag": 2,
    "change_message": "[{\"changed\": {\"fields\": [\"Org\"]}}]"
  }
},
{
  "model": "admin.logentry",
  "pk": 107,
  "fields": {
    "action_time": "2020-10-08T12:33:36.151Z",
    "user": 1,
    "content_type": 12,
    "object_id": "7",
    "object_repr": "test",
    "action_flag": 1,
    "change_message": "[{\"added\": {}}]"
  }
},
{
  "model": "admin.logentry",
  "pk": 108,
  "fields": {
    "action_time": "2020-10-08T12:35:13.192Z",
    "user": 1,
    "content_type": 12,
    "object_id": "7",
    "object_repr": "test",
    "action_flag": 2,
    "change_message": "[{\"changed\": {\"fields\": [\"First name\", \"Last name\", \"User permissions\"]}}]"
  }
},
{
  "model": "admin.logentry",
  "pk": 109,
  "fields": {
    "action_time": "2020-10-08T12:36:11.969Z",
    "user": 1,
    "content_type": 12,
    "object_id": "7",
    "object_repr": "test",
    "action_flag": 2,
    "change_message": "[{\"changed\": {\"fields\": [\"Staff status\"]}}]"
  }
},
{
  "model": "admin.logentry",
  "pk": 110,
  "fields": {
    "action_time": "2020-10-08T13:28:58.653Z",
    "user": 1,
    "content_type": 12,
    "object_id": "1",
    "object_repr": "tom",
    "action_flag": 2,
    "change_message": "[{\"changed\": {\"fields\": [\"First name\", \"Last name\", \"Email address\"]}}]"
  }
},
{
  "model": "admin.logentry",
  "pk": 111,
  "fields": {
    "action_time": "2020-10-12T15:47:08.358Z",
    "user": 1,
    "content_type": 35,
    "object_id": "1",
    "object_repr": "Paper object (1)",
    "action_flag": 1,
    "change_message": "[{\"added\": {}}]"
  }
},
{
  "model": "admin.logentry",
  "pk": 112,
  "fields": {
    "action_time": "2020-10-12T15:58:32.618Z",
    "user": 1,
    "content_type": 23,
    "object_id": "3",
    "object_repr": "BioLogic_full_SvcC6pn.txt",
    "action_flag": 1,
    "change_message": "[{\"added\": {}}]"
  }
},
{
  "model": "admin.logentry",
  "pk": 113,
  "fields": {
    "action_time": "2020-10-12T15:58:45.778Z",
    "user": 1,
    "content_type": 23,
    "object_id": "2",
    "object_repr": "",
    "action_flag": 3,
    "change_message": ""
  }
},
{
  "model": "admin.logentry",
  "pk": 114,
  "fields": {
    "action_time": "2020-10-12T20:36:22.326Z",
    "user": 1,
    "content_type": 23,
    "object_id": "3",
    "object_repr": "BioLogic_full_SvcC6pn.txt",
    "action_flag": 3,
    "change_message": ""
  }
},
{
  "model": "admin.logentry",
  "pk": 115,
  "fields": {
    "action_time": "2020-10-12T20:36:22.334Z",
    "user": 1,
    "content_type": 23,
    "object_id": "1",
    "object_repr": "200720_C-rate_test_Co5_cells_1-14_D128_CD1_VhdOTOf.mpt",
    "action_flag": 3,
    "change_message": ""
  }
},
{
  "model": "admin.logentry",
  "pk": 116,
  "fields": {
    "action_time": "2020-10-12T21:00:22.900Z",
    "user": 1,
    "content_type": 7,
    "object_id": "1",
    "object_repr": "ExperimentalApparatus object (1)",
    "action_flag": 2,
    "change_message": "[]"
  }
},
{
  "model": "admin.logentry",
  "pk": 117,
  "fields": {
    "action_time": "2020-10-12T22:22:21.079Z",
    "user": 1,
    "content_type": 7,
    "object_id": "1",
    "object_repr": "ExperimentalApparatus object (1)",
    "action_flag": 2,
    "change_message": "[{\"changed\": {\"fields\": [\"Attributes\"]}}]"
  }
},
{
  "model": "admin.logentry",
  "pk": 118,
  "fields": {
    "action_time": "2020-10-12T22:26:31.741Z",
    "user": 1,
    "content_type": 7,
    "object_id": "1",
    "object_repr": "None",
    "action_flag": 2,
    "change_message": "[]"
  }
},
{
  "model": "admin.logentry",
  "pk": 119,
  "fields": {
    "action_time": "2020-10-14T13:47:38.831Z",
    "user": 1,
    "content_type": 35,
    "object_id": "1",
    "object_repr": "None",
    "action_flag": 2,
    "change_message": "[]"
  }
},
{
  "model": "admin.logentry",
  "pk": 120,
  "fields": {
    "action_time": "2020-10-14T14:46:13.419Z",
    "user": 1,
    "content_type": 46,
    "object_id": "1",
    "object_repr": "52f1021a6e32e4202acab1c5c19f0067cc1ce38a",
    "action_flag": 1,
    "change_message": "[{\"added\": {}}]"
  }
},
{
  "model": "admin.logentry",
  "pk": 121,
  "fields": {
    "action_time": "2020-10-15T11:49:42.377Z",
    "user": 1,
    "content_type": 40,
    "object_id": "3",
    "object_repr": "None",
    "action_flag": 3,
    "change_message": ""
  }
},
{
  "model": "admin.logentry",
  "pk": 122,
  "fields": {
    "action_time": "2020-10-15T11:49:57.048Z",
    "user": 1,
    "content_type": 40,
    "object_id": "2",
    "object_repr": "None",
    "action_flag": 3,
    "change_message": ""
  }
},
{
  "model": "admin.logentry",
  "pk": 123,
  "fields": {
    "action_time": "2020-10-15T11:49:57.053Z",
    "user": 1,
    "content_type": 40,
    "object_id": "1",
    "object_repr": "None",
    "action_flag": 3,
    "change_message": ""
  }
},
{
  "model": "admin.logentry",
  "pk": 124,
  "fields": {
    "action_time": "2020-10-15T12:04:19.151Z",
    "user": 1,
    "content_type": 40,
    "object_id": "4",
    "object_repr": "foo",
    "action_flag": 1,
    "change_message": "[{\"added\": {}}]"
  }
},
{
  "model": "admin.logentry",
  "pk": 125,
  "fields": {
    "action_time": "2020-10-15T12:04:57.852Z",
    "user": 1,
    "content_type": 40,
    "object_id": "4",
    "object_repr": "foo",
    "action_flag": 2,
    "change_message": "[{\"changed\": {\"fields\": [\"Raw data file\"]}}]"
  }
},
{
  "model": "admin.logentry",
  "pk": 126,
  "fields": {
    "action_time": "2020-10-15T12:05:13.279Z",
    "user": 1,
    "content_type": 40,
    "object_id": "4",
    "object_repr": "foo",
    "action_flag": 2,
    "change_message": "[{\"changed\": {\"fields\": [\"Raw data file\"]}}]"
  }
},
{
  "model": "admin.logentry",
  "pk": 127,
  "fields": {
    "action_time": "2020-10-15T12:09:03.892Z",
    "user": 1,
    "content_type": 40,
    "object_id": "6",
    "object_repr": "None",
    "action_flag": 1,
    "change_message": "[{\"added\": {}}]"
  }
},
{
  "model": "admin.logentry",
  "pk": 128,
  "fields": {
    "action_time": "2020-10-15T12:09:19.458Z",
    "user": 1,
    "content_type": 40,
    "object_id": "6",
    "object_repr": "None",
    "action_flag": 2,
    "change_message": "[{\"changed\": {\"fields\": [\"Raw data file\"]}}]"
  }
},
{
  "model": "admin.logentry",
  "pk": 129,
  "fields": {
    "action_time": "2020-10-15T12:12:07.300Z",
    "user": 1,
    "content_type": 40,
    "object_id": "6",
    "object_repr": "None",
    "action_flag": 2,
    "change_message": "[{\"changed\": {\"fields\": [\"Raw data file\"]}}]"
  }
},
{
  "model": "admin.logentry",
  "pk": 130,
  "fields": {
    "action_time": "2020-10-15T15:41:04.557Z",
    "user": 1,
    "content_type": 34,
    "object_id": "1",
    "object_repr": "Imperial College",
    "action_flag": 2,
    "change_message": "[{\"changed\": {\"fields\": [\"Name\", \"Status\", \"Notes\", \"Is research\", \"Is mfg cells\", \"Website\"]}}]"
  }
},
{
  "model": "admin.logentry",
  "pk": 131,
  "fields": {
    "action_time": "2020-10-15T16:38:59.894Z",
    "user": 1,
    "content_type": 36,
    "object_id": "1",
    "object_repr": "Person object (1)",
    "action_flag": 2,
    "change_message": "[{\"changed\": {\"fields\": [\"Name\", \"User\", \"Org\"]}}]"
  }
},
{
  "model": "admin.logentry",
  "pk": 132,
  "fields": {
    "action_time": "2020-10-15T16:55:03.068Z",
    "user": 1,
    "content_type": 3,
    "object_id": "1",
    "object_repr": "Tom's GalvoTron 5000",
    "action_flag": 2,
    "change_message": "[{\"changed\": {\"fields\": [\"Name\"]}}]"
  }
},
{
  "model": "admin.logentry",
  "pk": 133,
  "fields": {
    "action_time": "2020-10-15T17:20:08.939Z",
    "user": 1,
    "content_type": 35,
    "object_id": "1",
    "object_repr": "foo-bar",
    "action_flag": 2,
    "change_message": "[{\"changed\": {\"fields\": [\"Publisher\", \"Authors\"]}}]"
  }
},
{
  "model": "admin.logentry",
  "pk": 134,
  "fields": {
    "action_time": "2020-10-15T17:20:45.594Z",
    "user": 1,
    "content_type": 35,
    "object_id": "1",
    "object_repr": "foo-bar",
    "action_flag": 2,
    "change_message": "[]"
  }
},
{
  "model": "admin.logentry",
  "pk": 135,
  "fields": {
    "action_time": "2020-10-15T17:21:05.262Z",
    "user": 1,
    "content_type": 35,
    "object_id": "1",
    "object_repr": "foo-bar",
    "action_flag": 2,
    "change_message": "[]"
  }
},
{
  "model": "admin.logentry",
  "pk": 136,
  "fields": {
    "action_time": "2020-10-15T17:23:51.978Z",
    "user": 1,
    "content_type": 35,
    "object_id": "1",
    "object_repr": "toward-unique-identifiers2020",
    "action_flag": 2,
    "change_message": "[]"
  }
},
{
  "model": "admin.logentry",
  "pk": 137,
  "fields": {
    "action_time": "2020-10-16T10:48:58.132Z",
    "user": 1,
    "content_type": 31,
    "object_id": "1",
    "object_repr": "Voltage/V",
    "action_flag": 1,
    "change_message": "[{\"added\": {}}]"
  }
},
{
  "model": "admin.logentry",
  "pk": 138,
  "fields": {
    "action_time": "2020-10-16T10:49:10.766Z",
    "user": 1,
    "content_type": 31,
    "object_id": "2",
    "object_repr": "Current/I",
    "action_flag": 1,
    "change_message": "[{\"added\": {}}]"
  }
},
{
  "model": "admin.logentry",
  "pk": 139,
  "fields": {
    "action_time": "2020-10-16T10:53:48.556Z",
    "user": 1,
    "content_type": 31,
    "object_id": "2",
    "object_repr": "QuantityUnit object (2)",
    "action_flag": 3,
    "change_message": ""
  }
},
{
  "model": "admin.logentry",
  "pk": 140,
  "fields": {
    "action_time": "2020-10-16T10:54:25.884Z",
    "user": 1,
    "content_type": 31,
    "object_id": "1",
    "object_repr": "Voltage/V",
    "action_flag": 2,
    "change_message": "[{\"changed\": {\"fields\": [\"UnitName\", \"UnitSymbol\"]}}]"
  }
},
{
  "model": "admin.logentry",
  "pk": 141,
  "fields": {
    "action_time": "2020-10-16T10:54:43.876Z",
    "user": 1,
    "content_type": 31,
    "object_id": "3",
    "object_repr": "Charge/C",
    "action_flag": 1,
    "change_message": "[{\"added\": {}}]"
  }
},
{
  "model": "admin.logentry",
  "pk": 142,
  "fields": {
    "action_time": "2020-10-16T10:56:30.363Z",
    "user": 1,
    "content_type": 31,
    "object_id": "4",
    "object_repr": "Power(P)/W",
    "action_flag": 1,
    "change_message": "[{\"added\": {}}]"
  }
},
{
  "model": "admin.logentry",
  "pk": 143,
  "fields": {
    "action_time": "2020-10-16T10:56:50.860Z",
    "user": 1,
    "content_type": 31,
    "object_id": "5",
    "object_repr": "Current(I)/A",
    "action_flag": 1,
    "change_message": "[{\"added\": {}}]"
  }
},
{
  "model": "admin.logentry",
  "pk": 144,
  "fields": {
    "action_time": "2020-10-16T11:01:35.832Z",
    "user": 1,
    "content_type": 28,
    "object_id": "1",
    "object_repr": "Lithium (Li)",
    "action_flag": 1,
    "change_message": "[{\"added\": {}}]"
  }
},
{
  "model": "admin.logentry",
  "pk": 145,
  "fields": {
    "action_time": "2020-10-16T11:01:55.313Z",
    "user": 1,
    "content_type": 28,
    "object_id": "2",
    "object_repr": "Graphite (C)",
    "action_flag": 1,
    "change_message": "[{\"added\": {}}]"
  }
},
{
  "model": "admin.logentry",
  "pk": 146,
  "fields": {
    "action_time": "2020-10-16T11:12:07.269Z",
    "user": 1,
    "content_type": 27,
    "object_id": "1",
    "object_repr": "Li6",
    "action_flag": 1,
    "change_message": "[{\"added\": {}}]"
  }
},
{
  "model": "admin.logentry",
  "pk": 147,
  "fields": {
    "action_time": "2020-10-16T11:12:49.265Z",
    "user": 1,
    "content_type": 28,
    "object_id": "3",
    "object_repr": "Manganese (Mg)",
    "action_flag": 1,
    "change_message": "[{\"added\": {}}]"
  }
},
{
  "model": "admin.logentry",
  "pk": 148,
  "fields": {
    "action_time": "2020-10-16T11:13:17.567Z",
    "user": 1,
    "content_type": 28,
    "object_id": "4",
    "object_repr": "Cobalt (Co)",
    "action_flag": 1,
    "change_message": "[{\"added\": {}}]"
  }
},
{
  "model": "admin.logentry",
  "pk": 149,
  "fields": {
    "action_time": "2020-10-16T11:13:24.694Z",
    "user": 1,
    "content_type": 28,
    "object_id": "2",
    "object_repr": "Carbon (C)",
    "action_flag": 2,
    "change_message": "[{\"changed\": {\"fields\": [\"Name\"]}}]"
  }
},
{
  "model": "admin.logentry",
  "pk": 150,
  "fields": {
    "action_time": "2020-10-16T11:13:54.865Z",
    "user": 1,
    "content_type": 27,
    "object_id": "2",
    "object_repr": "Mg2",
    "action_flag": 1,
    "change_message": "[{\"added\": {}}]"
  }
},
{
  "model": "admin.logentry",
  "pk": 151,
  "fields": {
    "action_time": "2020-10-16T11:14:08.519Z",
    "user": 1,
    "content_type": 27,
    "object_id": "3",
    "object_repr": "Co2",
    "action_flag": 1,
    "change_message": "[{\"added\": {}}]"
  }
},
{
  "model": "admin.logentry",
  "pk": 152,
  "fields": {
    "action_time": "2020-10-16T11:14:55.181Z",
    "user": 1,
    "content_type": 28,
    "object_id": "5",
    "object_repr": "Nickel (Ni)",
    "action_flag": 1,
    "change_message": "[{\"added\": {}}]"
  }
},
{
  "model": "admin.logentry",
  "pk": 153,
  "fields": {
    "action_time": "2020-10-16T11:15:01.631Z",
    "user": 1,
    "content_type": 27,
    "object_id": "4",
    "object_repr": "Ni6",
    "action_flag": 1,
    "change_message": "[{\"added\": {}}]"
  }
},
{
  "model": "admin.logentry",
  "pk": 154,
  "fields": {
    "action_time": "2020-10-16T11:16:10.339Z",
    "user": 1,
    "content_type": 29,
    "object_id": "1",
    "object_repr": "NMC622",
    "action_flag": 1,
    "change_message": "[{\"added\": {}}]"
  }
},
{
  "model": "admin.logentry",
  "pk": 155,
  "fields": {
    "action_time": "2020-10-16T11:44:34.907Z",
    "user": 1,
    "content_type": 29,
    "object_id": "1",
    "object_repr": "NMC622",
    "action_flag": 2,
    "change_message": "[{\"added\": {\"name\": \"composition part\", \"object\": \"Li0\"}}]"
  }
},
{
  "model": "admin.logentry",
  "pk": 156,
  "fields": {
    "action_time": "2020-10-16T11:45:00.824Z",
    "user": 1,
    "content_type": 29,
    "object_id": "1",
    "object_repr": "NMC622",
    "action_flag": 2,
    "change_message": "[{\"added\": {\"name\": \"composition part\", \"object\": \"Mg2\"}}, {\"added\": {\"name\": \"composition part\", \"object\": \"Co2\"}}, {\"changed\": {\"name\": \"composition part\", \"object\": \"Ni6\", \"fields\": [\"Compound\", \"Amount\"]}}]"
  }
},
{
  "model": "admin.logentry",
  "pk": 157,
  "fields": {
    "action_time": "2020-10-16T11:54:56.116Z",
    "user": 1,
    "content_type": 29,
    "object_id": "1",
    "object_repr": "NMC622",
    "action_flag": 2,
    "change_message": "[{\"changed\": {\"name\": \"composition part\", \"object\": \"Ni7\", \"fields\": [\"Amount\"]}}]"
  }
},
{
  "model": "admin.logentry",
  "pk": 158,
  "fields": {
    "action_time": "2020-10-16T11:55:00.733Z",
    "user": 1,
    "content_type": 29,
    "object_id": "1",
    "object_repr": "NMC622",
    "action_flag": 2,
    "change_message": "[{\"changed\": {\"name\": \"composition part\", \"object\": \"Ni6\", \"fields\": [\"Amount\"]}}]"
  }
},
{
  "model": "admin.logentry",
  "pk": 159,
  "fields": {
    "action_time": "2020-10-16T12:02:19.578Z",
    "user": 1,
    "content_type": 31,
    "object_id": "6",
    "object_repr": "Distance (d) / m",
    "action_flag": 1,
    "change_message": "[{\"added\": {}}]"
  }
},
{
  "model": "admin.logentry",
  "pk": 160,
  "fields": {
    "action_time": "2020-10-16T12:02:34.858Z",
    "user": 1,
    "content_type": 32,
    "object_id": "1",
    "object_repr": "particle radius: rP",
    "action_flag": 1,
    "change_message": "[{\"added\": {}}]"
  }
},
{
  "model": "admin.logentry",
  "pk": 161,
  "fields": {
    "action_time": "2020-10-16T12:36:29.749Z",
    "user": 1,
    "content_type": 32,
    "object_id": "2",
    "object_repr": "Thickness: t",
    "action_flag": 1,
    "change_message": "[{\"added\": {}}]"
  }
},
{
  "model": "admin.logentry",
  "pk": 162,
  "fields": {
    "action_time": "2020-10-16T12:43:10.094Z",
    "user": 1,
    "content_type": 31,
    "object_id": "6",
    "object_repr": "Distance (d) / m",
    "action_flag": 2,
    "change_message": "[{\"changed\": {\"fields\": [\"Is SI unit\"]}}]"
  }
},
{
  "model": "admin.logentry",
  "pk": 163,
  "fields": {
    "action_time": "2020-10-16T12:43:16.557Z",
    "user": 1,
    "content_type": 31,
    "object_id": "5",
    "object_repr": "Current (I) / A",
    "action_flag": 2,
    "change_message": "[{\"changed\": {\"fields\": [\"Is SI unit\"]}}]"
  }
},
{
  "model": "admin.logentry",
  "pk": 164,
  "fields": {
    "action_time": "2020-10-16T12:43:22.847Z",
    "user": 1,
    "content_type": 31,
    "object_id": "4",
    "object_repr": "Power (P) / W",
    "action_flag": 2,
    "change_message": "[{\"changed\": {\"fields\": [\"Is SI unit\"]}}]"
  }
},
{
  "model": "admin.logentry",
  "pk": 165,
  "fields": {
    "action_time": "2020-10-16T12:45:42.452Z",
    "user": 1,
    "content_type": 31,
    "object_id": "7",
    "object_repr": "Distance (d) / mm",
    "action_flag": 1,
    "change_message": "[{\"added\": {}}]"
  }
},
{
  "model": "admin.logentry",
  "pk": 166,
  "fields": {
    "action_time": "2020-10-16T12:46:01.828Z",
    "user": 1,
    "content_type": 31,
    "object_id": "1",
    "object_repr": "Voltage (V) / V",
    "action_flag": 2,
    "change_message": "[{\"changed\": {\"fields\": [\"Is SI unit\"]}}]"
  }
},
{
  "model": "admin.logentry",
  "pk": 167,
  "fields": {
    "action_time": "2020-10-16T12:46:11.210Z",
    "user": 1,
    "content_type": 31,
    "object_id": "3",
    "object_repr": "Charge (Q) / C",
    "action_flag": 2,
    "change_message": "[{\"changed\": {\"fields\": [\"Is SI unit\"]}}]"
  }
},
{
  "model": "admin.logentry",
  "pk": 168,
  "fields": {
    "action_time": "2020-10-16T12:50:43.775Z",
    "user": 1,
    "content_type": 31,
    "object_id": "8",
    "object_repr": "Energy (E) / J",
    "action_flag": 1,
    "change_message": "[{\"added\": {}}]"
  }
},
{
  "model": "admin.logentry",
  "pk": 169,
  "fields": {
    "action_time": "2020-10-16T12:51:23.525Z",
    "user": 1,
    "content_type": 31,
    "object_id": "9",
    "object_repr": "Capacity (C) / Wh",
    "action_flag": 1,
    "change_message": "[{\"added\": {}}]"
  }
},
{
  "model": "admin.logentry",
  "pk": 170,
  "fields": {
    "action_time": "2020-10-16T12:51:37.092Z",
    "user": 1,
    "content_type": 32,
    "object_id": "3",
    "object_repr": "Capacity: C / Wh",
    "action_flag": 1,
    "change_message": "[{\"added\": {}}]"
  }
},
{
  "model": "admin.logentry",
  "pk": 171,
  "fields": {
    "action_time": "2020-10-16T13:09:50.499Z",
    "user": 1,
    "content_type": 30,
    "object_id": "1",
    "object_repr": "DFN",
    "action_flag": 1,
    "change_message": "[{\"added\": {}}]"
  }
},
{
  "model": "admin.logentry",
  "pk": 172,
  "fields": {
    "action_time": "2020-10-16T13:10:00.358Z",
    "user": 1,
    "content_type": 30,
    "object_id": "2",
    "object_repr": "GITT",
    "action_flag": 1,
    "change_message": "[{\"added\": {}}]"
  }
},
{
  "model": "admin.logentry",
  "pk": 173,
  "fields": {
    "action_time": "2020-10-16T13:56:03.399Z",
    "user": 1,
    "content_type": 36,
    "object_id": "1",
    "object_repr": "n",
    "action_flag": 2,
    "change_message": "[{\"changed\": {\"fields\": [\"User\"]}}]"
  }
},
{
  "model": "admin.logentry",
  "pk": 174,
  "fields": {
    "action_time": "2020-10-16T13:59:39.386Z",
    "user": 1,
    "content_type": 36,
    "object_id": "1",
    "object_repr": "T.Owen",
    "action_flag": 2,
    "change_message": "[{\"changed\": {\"fields\": [\"LongName\", \"ShortName\", \"User\"]}}]"
  }
},
{
  "model": "admin.logentry",
  "pk": 175,
  "fields": {
    "action_time": "2020-10-16T14:05:13.819Z",
    "user": 1,
    "content_type": 29,
    "object_id": "2",
    "object_repr": "Graphite",
    "action_flag": 1,
    "change_message": "[{\"added\": {}}, {\"added\": {\"name\": \"composition part\", \"object\": \"C1\"}}]"
  }
},
{
  "model": "admin.logentry",
  "pk": 176,
  "fields": {
    "action_time": "2020-10-16T14:05:36.225Z",
    "user": 1,
    "content_type": 29,
    "object_id": "1",
    "object_repr": "NMC622",
    "action_flag": 2,
    "change_message": "[{\"changed\": {\"fields\": [\"User owner\"]}}]"
  }
},
{
  "model": "admin.logentry",
  "pk": 177,
  "fields": {
    "action_time": "2020-10-16T14:06:34.984Z",
    "user": 1,
    "content_type": 29,
    "object_id": "3",
    "object_repr": "Lithium Metal",
    "action_flag": 1,
    "change_message": "[{\"added\": {}}, {\"added\": {\"name\": \"composition part\", \"object\": \"Li1\"}}]"
  }
},
{
  "model": "admin.logentry",
  "pk": 178,
  "fields": {
    "action_time": "2020-10-16T17:01:43.739Z",
    "user": 1,
    "content_type": 33,
    "object_id": "1",
    "object_repr": "test foo",
    "action_flag": 1,
    "change_message": "[{\"added\": {}}, {\"added\": {\"name\": \"data parameter\", \"object\": \"DataParameter object (1)\"}}]"
  }
},
{
  "model": "admin.logentry",
  "pk": 179,
  "fields": {
    "action_time": "2020-10-16T17:05:08.980Z",
    "user": 1,
    "content_type": 33,
    "object_id": "1",
    "object_repr": "test foo",
    "action_flag": 2,
    "change_message": "[{\"added\": {\"name\": \"data parameter\", \"object\": \"particle radius: rP / m\"}}]"
  }
},
{
  "model": "admin.logentry",
  "pk": 180,
  "fields": {
    "action_time": "2020-10-16T17:07:52.509Z",
    "user": 1,
    "content_type": 33,
    "object_id": "1",
    "object_repr": "test foo",
    "action_flag": 2,
    "change_message": "[{\"changed\": {\"name\": \"data parameter\", \"object\": \"particle radius: rP / m\", \"fields\": [\"Value\"]}}]"
  }
},
{
  "model": "admin.logentry",
  "pk": 181,
  "fields": {
    "action_time": "2020-10-16T17:09:41.262Z",
    "user": 1,
    "content_type": 31,
    "object_id": "10",
    "object_repr": "Particle Radius (rP) / nm",
    "action_flag": 1,
    "change_message": "[{\"added\": {}}]"
  }
},
{
  "model": "admin.logentry",
  "pk": 182,
  "fields": {
    "action_time": "2020-10-16T17:10:14.091Z",
    "user": 1,
    "content_type": 31,
    "object_id": "10",
    "object_repr": "Distance (d) / nm",
    "action_flag": 2,
    "change_message": "[{\"changed\": {\"fields\": [\"QuantityName\", \"QuantitySymbol\"]}}]"
  }
},
{
  "model": "admin.logentry",
  "pk": 183,
  "fields": {
    "action_time": "2020-10-16T17:10:26.756Z",
    "user": 1,
    "content_type": 32,
    "object_id": "1",
    "object_repr": "particle radius: rP / nm",
    "action_flag": 2,
    "change_message": "[{\"changed\": {\"fields\": [\"Unit\"]}}]"
  }
},
{
  "model": "admin.logentry",
  "pk": 184,
  "fields": {
    "action_time": "2020-10-16T17:10:52.547Z",
    "user": 1,
    "content_type": 32,
    "object_id": "1",
    "object_repr": "particle radius: rP / nm",
    "action_flag": 2,
    "change_message": "[]"
  }
},
{
  "model": "admin.logentry",
  "pk": 185,
  "fields": {
    "action_time": "2020-10-16T17:11:23.597Z",
    "user": 1,
    "content_type": 32,
    "object_id": "1",
    "object_repr": "particle radius: rP / nm",
    "action_flag": 2,
    "change_message": "[{\"changed\": {\"fields\": [\"Attributes\"]}}]"
  }
},
{
  "model": "admin.logentry",
  "pk": 186,
  "fields": {
    "action_time": "2020-10-16T17:11:49.627Z",
    "user": 1,
    "content_type": 32,
    "object_id": "1",
    "object_repr": "particle radius: rP / nm",
    "action_flag": 2,
    "change_message": "[{\"changed\": {\"fields\": [\"Attributes\"]}}]"
  }
},
{
  "model": "admin.logentry",
  "pk": 187,
  "fields": {
    "action_time": "2020-10-16T17:19:20.884Z",
    "user": 1,
    "content_type": 33,
    "object_id": "1",
    "object_repr": "test foo",
    "action_flag": 2,
    "change_message": "[{\"changed\": {\"name\": \"data parameter\", \"object\": \"particle radius: rP / nm\", \"fields\": [\"Value\"]}}, {\"changed\": {\"name\": \"data parameter\", \"object\": \"particle radius: rP / nm\", \"fields\": [\"Value\"]}}]"
  }
},
{
  "model": "admin.logentry",
  "pk": 188,
  "fields": {
    "action_time": "2020-10-16T17:19:37.251Z",
    "user": 1,
    "content_type": 33,
    "object_id": "1",
    "object_repr": "test foo",
    "action_flag": 2,
    "change_message": "[{\"added\": {\"name\": \"data parameter\", \"object\": \"Capacity: C / Wh\"}}, {\"changed\": {\"name\": \"data parameter\", \"object\": \"particle radius: rP / nm\", \"fields\": [\"Type\"]}}]"
  }
},
{
  "model": "admin.logentry",
  "pk": 189,
  "fields": {
    "action_time": "2020-10-16T17:21:10.812Z",
    "user": 1,
    "content_type": 36,
    "object_id": "2",
    "object_repr": "n",
    "action_flag": 1,
    "change_message": "[{\"added\": {}}]"
  }
},
{
  "model": "admin.logentry",
  "pk": 190,
  "fields": {
    "action_time": "2020-10-16T17:21:59.880Z",
    "user": 1,
    "content_type": 35,
    "object_id": "2",
    "object_repr": "re-now-we-will-need-tin-hats-2020",
    "action_flag": 1,
    "change_message": "[{\"added\": {}}, {\"added\": {\"name\": \"paper author\", \"object\": \"PaperAuthor object (1)\"}}]"
  }
},
{
  "model": "admin.logentry",
  "pk": 191,
  "fields": {
    "action_time": "2020-10-18T23:05:42.509Z",
    "user": 1,
    "content_type": 35,
    "object_id": "2",
    "object_repr": "re-now-we-will-need-tin-hats-2020",
    "action_flag": 3,
    "change_message": ""
  }
},
{
  "model": "admin.logentry",
  "pk": 192,
  "fields": {
    "action_time": "2020-10-18T23:06:26.891Z",
    "user": 1,
    "content_type": 35,
    "object_id": "1",
    "object_repr": "toward-unique-identifiers-2020",
    "action_flag": 2,
    "change_message": "[]"
  }
},
{
  "model": "admin.logentry",
  "pk": 193,
  "fields": {
    "action_time": "2020-10-18T23:06:43.201Z",
    "user": 1,
    "content_type": 35,
    "object_id": "1",
    "object_repr": "toward-unique-identifiers-2020",
    "action_flag": 2,
    "change_message": "[{\"changed\": {\"fields\": [\"Notes\"]}}]"
  }
},
{
  "model": "admin.logentry",
  "pk": 194,
  "fields": {
    "action_time": "2020-10-18T23:07:39.546Z",
    "user": 1,
    "content_type": 35,
    "object_id": "1",
    "object_repr": "toward-unique-identifiers-2020",
    "action_flag": 2,
    "change_message": "[]"
  }
},
{
  "model": "admin.logentry",
  "pk": 195,
  "fields": {
    "action_time": "2020-10-18T23:09:05.032Z",
    "user": 1,
    "content_type": 35,
    "object_id": "1",
    "object_repr": "toward-unique-identifiers-2020",
    "action_flag": 2,
    "change_message": "[]"
  }
},
{
  "model": "admin.logentry",
  "pk": 196,
  "fields": {
    "action_time": "2020-10-18T23:09:55.795Z",
    "user": 1,
    "content_type": 35,
    "object_id": "1",
    "object_repr": "toward-unique-identifiers-2020",
    "action_flag": 2,
    "change_message": "[]"
  }
},
{
  "model": "admin.logentry",
  "pk": 197,
  "fields": {
    "action_time": "2020-10-18T23:10:07.659Z",
    "user": 1,
    "content_type": 35,
    "object_id": "1",
    "object_repr": "toward-unique-identifiers-2019",
    "action_flag": 2,
    "change_message": "[{\"changed\": {\"fields\": [\"Year\"]}}]"
  }
},
{
  "model": "admin.logentry",
  "pk": 198,
  "fields": {
    "action_time": "2020-10-19T15:59:28.043Z",
    "user": 1,
    "content_type": 35,
    "object_id": "1",
    "object_repr": "toward-unique-identifiers-2019",
    "action_flag": 2,
    "change_message": "[]"
  }
},
{
  "model": "admin.logentry",
  "pk": 199,
  "fields": {
    "action_time": "2020-10-21T11:34:11.865Z",
    "user": 1,
    "content_type": 1,
    "object_id": "1",
    "object_repr": "None",
    "action_flag": 1,
    "change_message": "[{\"added\": {}}]"
  }
},
{
  "model": "admin.logentry",
  "pk": 200,
  "fields": {
    "action_time": "2020-10-21T11:34:48.225Z",
    "user": 1,
    "content_type": 34,
    "object_id": "2",
    "object_repr": "Bob's company",
    "action_flag": 1,
    "change_message": "[{\"added\": {}}]"
  }
},
{
  "model": "admin.logentry",
  "pk": 201,
  "fields": {
    "action_time": "2020-10-21T11:36:23.183Z",
    "user": 1,
    "content_type": 1,
    "object_id": "2",
    "object_repr": "bob's LiPo",
    "action_flag": 1,
    "change_message": "[{\"added\": {}}]"
  }
},
{
  "model": "admin.logentry",
  "pk": 202,
  "fields": {
    "action_time": "2020-10-22T10:13:00.283Z",
    "user": 1,
    "content_type": 39,
    "object_id": "3",
    "object_repr": "test 1s LiPo spec",
    "action_flag": 1,
    "change_message": "[{\"added\": {}}]"
  }
},
{
  "model": "admin.logentry",
  "pk": 203,
  "fields": {
    "action_time": "2020-10-22T10:13:56.650Z",
    "user": 1,
    "content_type": 39,
    "object_id": "4",
    "object_repr": "GalvoTron 5000",
    "action_flag": 1,
    "change_message": "[{\"added\": {}}]"
  }
},
{
  "model": "admin.logentry",
  "pk": 204,
  "fields": {
    "action_time": "2020-10-22T10:16:00.880Z",
    "user": 1,
    "content_type": 39,
    "object_id": "5",
    "object_repr": "MyCellSpecification",
    "action_flag": 1,
    "change_message": "[{\"added\": {}}]"
  }
},
{
  "model": "admin.logentry",
  "pk": 205,
  "fields": {
    "action_time": "2020-10-22T10:16:19.662Z",
    "user": 1,
    "content_type": 39,
    "object_id": "5",
    "object_repr": "MyCellSpecification",
    "action_flag": 2,
    "change_message": "[{\"changed\": {\"fields\": [\"Attributes\"]}}]"
  }
},
{
  "model": "admin.logentry",
  "pk": 206,
  "fields": {
    "action_time": "2020-10-22T10:19:23.723Z",
    "user": 1,
    "content_type": 51,
    "object_id": "1",
    "object_repr": "None",
    "action_flag": 1,
    "change_message": "[{\"added\": {}}, {\"added\": {\"name\": \"device config node\", \"object\": \"DeviceConfigNode object (1)\"}}]"
  }
},
{
  "model": "admin.logentry",
  "pk": 207,
  "fields": {
    "action_time": "2020-10-22T10:27:04.622Z",
    "user": 1,
    "content_type": 51,
    "object_id": "1",
    "object_repr": "None",
    "action_flag": 2,
    "change_message": "[{\"added\": {\"name\": \"device config node\", \"object\": \"DeviceConfigNode object (2)\"}}, {\"added\": {\"name\": \"device config node\", \"object\": \"DeviceConfigNode object (3)\"}}, {\"added\": {\"name\": \"device config node\", \"object\": \"DeviceConfigNode object (4)\"}}, {\"changed\": {\"name\": \"device config node\", \"object\": \"DeviceConfigNode object (1)\", \"fields\": [\"Net name\"]}}]"
  }
},
{
  "model": "admin.logentry",
  "pk": 208,
  "fields": {
    "action_time": "2020-10-22T10:33:41.512Z",
    "user": 1,
    "content_type": 51,
    "object_id": "1",
    "object_repr": "2s Module",
    "action_flag": 2,
    "change_message": "[{\"changed\": {\"fields\": [\"Name\"]}}, {\"changed\": {\"name\": \"device config node\", \"object\": \"2s Module/MiddleCathode\", \"fields\": [\"Next\"]}}, {\"changed\": {\"name\": \"device config node\", \"object\": \"2s Module/MiddleAnode\", \"fields\": [\"Next\"]}}]"
  }
},
{
  "model": "admin.logentry",
  "pk": 209,
  "fields": {
    "action_time": "2020-10-22T10:33:53.214Z",
    "user": 1,
    "content_type": 51,
    "object_id": "1",
    "object_repr": "2S Module",
    "action_flag": 2,
    "change_message": "[{\"changed\": {\"fields\": [\"Name\"]}}]"
  }
},
{
  "model": "admin.logentry",
  "pk": 210,
  "fields": {
    "action_time": "2020-10-22T10:38:46.195Z",
    "user": 1,
    "content_type": 51,
    "object_id": "1",
    "object_repr": "2S Module",
    "action_flag": 2,
    "change_message": "[{\"changed\": {\"name\": \"device config node\", \"object\": \"2S Module/Pack +vePositive\", \"fields\": [\"Device terminal name\"]}}, {\"changed\": {\"name\": \"device config node\", \"object\": \"2S Module/MiddleNegative\", \"fields\": [\"Device terminal name\"]}}, {\"changed\": {\"name\": \"device config node\", \"object\": \"2S Module/MiddlePositive\", \"fields\": [\"Device terminal name\"]}}, {\"changed\": {\"name\": \"device config node\", \"object\": \"2S Module/Pack -veNegative\", \"fields\": [\"Device terminal name\"]}}]"
  }
},
{
  "model": "admin.logentry",
  "pk": 211,
  "fields": {
    "action_time": "2020-10-22T10:43:18.232Z",
    "user": 1,
    "content_type": 51,
    "object_id": "1",
    "object_repr": "2S Module",
    "action_flag": 2,
    "change_message": "[{\"changed\": {\"name\": \"device config node\", \"object\": \"2S Module/Pack +vePositive\", \"fields\": [\"Device position id\"]}}, {\"changed\": {\"name\": \"device config node\", \"object\": \"2S Module/MiddleNegative\", \"fields\": [\"Device position id\"]}}, {\"changed\": {\"name\": \"device config node\", \"object\": \"2S Module/MiddlePositive\", \"fields\": [\"Device position id\"]}}, {\"changed\": {\"name\": \"device config node\", \"object\": \"2S Module/Pack -veNegative\", \"fields\": [\"Device position id\"]}}]"
  }
},
{
  "model": "admin.logentry",
  "pk": 212,
  "fields": {
    "action_time": "2020-10-22T10:56:13.735Z",
    "user": 1,
    "content_type": 51,
    "object_id": "1",
    "object_repr": "2S Module config",
    "action_flag": 2,
    "change_message": "[{\"changed\": {\"fields\": [\"Name\"]}}]"
  }
},
{
  "model": "admin.logentry",
  "pk": 213,
  "fields": {
    "action_time": "2020-10-26T11:52:26.988Z",
    "user": 1,
    "content_type": 30,
    "object_id": "3",
    "object_repr": "My DFN model",
    "action_flag": 1,
    "change_message": "[{\"added\": {}}]"
  }
},
{
  "model": "admin.logentry",
  "pk": 214,
  "fields": {
    "action_time": "2020-10-26T11:53:05.695Z",
    "user": 1,
    "content_type": 30,
    "object_id": "4",
    "object_repr": "My experimental method",
    "action_flag": 1,
    "change_message": "[{\"added\": {}}]"
  }
},
{
  "model": "admin.logentry",
  "pk": 215,
  "fields": {
    "action_time": "2020-10-26T12:08:07.604Z",
    "user": 1,
    "content_type": 1,
    "object_id": "6",
    "object_repr": "a cell",
    "action_flag": 1,
    "change_message": "[{\"added\": {}}]"
  }
},
{
  "model": "admin.logentry",
  "pk": 216,
  "fields": {
    "action_time": "2020-10-26T12:11:37.378Z",
    "user": 1,
    "content_type": 39,
    "object_id": "7",
    "object_repr": "a module",
    "action_flag": 1,
    "change_message": "[{\"added\": {}}]"
  }
},
{
  "model": "admin.logentry",
  "pk": 217,
  "fields": {
    "action_time": "2020-10-26T14:19:59.406Z",
    "user": 1,
    "content_type": 56,
    "object_id": "1",
    "object_repr": "pack",
    "action_flag": 1,
    "change_message": "[{\"added\": {}}, {\"added\": {\"name\": \"thing\", \"object\": \"Cell 1\"}}, {\"added\": {\"name\": \"thing\", \"object\": \"Cell 2\"}}]"
  }
},
{
  "model": "admin.logentry",
  "pk": 218,
  "fields": {
    "action_time": "2020-10-26T14:21:02.988Z",
    "user": 1,
    "content_type": 56,
    "object_id": "3",
    "object_repr": "Cell 2",
    "action_flag": 2,
    "change_message": "[{\"changed\": {\"fields\": [\"lft\", \"rght\"]}}]"
  }
},
{
  "model": "admin.logentry",
  "pk": 219,
  "fields": {
    "action_time": "2020-10-26T14:21:06.718Z",
    "user": 1,
    "content_type": 56,
    "object_id": "3",
    "object_repr": "Cell 2",
    "action_flag": 2,
    "change_message": "[{\"changed\": {\"fields\": [\"parent\", \"lft\", \"rght\", \"level\"]}}]"
  }
},
{
  "model": "admin.logentry",
  "pk": 220,
  "fields": {
    "action_time": "2020-10-26T14:21:39.758Z",
    "user": 1,
    "content_type": 56,
    "object_id": "3",
    "object_repr": "Cell 2",
    "action_flag": 2,
    "change_message": "[{\"changed\": {\"fields\": [\"parent\", \"lft\", \"rght\", \"level\"]}}]"
  }
},
{
  "model": "admin.logentry",
  "pk": 221,
  "fields": {
    "action_time": "2020-10-26T14:21:44.666Z",
    "user": 1,
    "content_type": 56,
    "object_id": "2",
    "object_repr": "Cell 1",
    "action_flag": 2,
    "change_message": "[{\"changed\": {\"fields\": [\"lft\", \"rght\"]}}]"
  }
},
{
  "model": "admin.logentry",
  "pk": 222,
  "fields": {
    "action_time": "2020-10-26T14:22:28.077Z",
    "user": 1,
    "content_type": 56,
    "object_id": "2",
    "object_repr": "Cell 1",
    "action_flag": 2,
    "change_message": "[{\"changed\": {\"fields\": [\"Parent\"]}}, {\"added\": {\"name\": \"thing\", \"object\": \"PositiveElectrode\"}}]"
  }
},
{
  "model": "admin.logentry",
  "pk": 223,
  "fields": {
    "action_time": "2020-10-26T14:23:59.310Z",
    "user": 1,
    "content_type": 56,
    "object_id": "2",
    "object_repr": "Cell 1",
    "action_flag": 2,
    "change_message": "[{\"changed\": {\"fields\": [\"Is composite\"]}}]"
  }
},
{
  "model": "admin.logentry",
  "pk": 224,
  "fields": {
    "action_time": "2020-10-26T14:24:04.314Z",
    "user": 1,
    "content_type": 56,
    "object_id": "1",
    "object_repr": "pack",
    "action_flag": 2,
    "change_message": "[{\"changed\": {\"fields\": [\"Is composite\"]}}]"
  }
},
{
  "model": "admin.logentry",
  "pk": 225,
  "fields": {
    "action_time": "2020-10-26T14:24:11.597Z",
    "user": 1,
    "content_type": 56,
    "object_id": "2",
    "object_repr": "Cell 1",
    "action_flag": 2,
    "change_message": "[{\"changed\": {\"fields\": [\"Parent\"]}}]"
  }
},
{
  "model": "admin.logentry",
  "pk": 226,
  "fields": {
    "action_time": "2020-10-26T14:25:10.117Z",
    "user": 1,
    "content_type": 56,
    "object_id": "3",
    "object_repr": "Cell 2",
    "action_flag": 2,
    "change_message": "[{\"added\": {\"name\": \"thing\", \"object\": \"PositiveElectrode\"}}, {\"added\": {\"name\": \"thing\", \"object\": \"NegativeElectrode\"}}]"
  }
},
{
  "model": "admin.logentry",
  "pk": 227,
  "fields": {
    "action_time": "2020-10-26T14:25:18.384Z",
    "user": 1,
    "content_type": 56,
    "object_id": "2",
    "object_repr": "Cell 1",
    "action_flag": 2,
    "change_message": "[{\"added\": {\"name\": \"thing\", \"object\": \"NegativeElectrode\"}}]"
  }
},
{
  "model": "admin.logentry",
  "pk": 228,
  "fields": {
    "action_time": "2020-10-26T14:25:43.682Z",
    "user": 1,
    "content_type": 56,
    "object_id": "1",
    "object_repr": "2S Pack",
    "action_flag": 2,
    "change_message": "[{\"changed\": {\"fields\": [\"Name\"]}}]"
  }
},
{
  "model": "admin.logentry",
  "pk": 229,
  "fields": {
    "action_time": "2020-10-26T14:27:04.015Z",
    "user": 1,
    "content_type": 56,
    "object_id": "8",
    "object_repr": "My Batch",
    "action_flag": 1,
    "change_message": "[{\"added\": {}}]"
  }
},
{
  "model": "admin.logentry",
  "pk": 230,
  "fields": {
    "action_time": "2020-10-26T14:27:11.893Z",
    "user": 1,
    "content_type": 56,
    "object_id": "1",
    "object_repr": "2S Pack",
    "action_flag": 2,
    "change_message": "[{\"changed\": {\"fields\": [\"Parent\"]}}]"
  }
},
{
  "model": "admin.logentry",
  "pk": 231,
  "fields": {
    "action_time": "2020-10-26T14:27:26.371Z",
    "user": 1,
    "content_type": 56,
    "object_id": "1",
    "object_repr": "2S Pack",
    "action_flag": 2,
    "change_message": "[{\"changed\": {\"fields\": [\"Is specification\"]}}]"
  }
},
{
  "model": "admin.logentry",
  "pk": 232,
  "fields": {
    "action_time": "2020-10-26T14:28:49.550Z",
    "user": 1,
    "content_type": 56,
    "object_id": "1",
    "object_repr": "2S Module",
    "action_flag": 2,
    "change_message": "[{\"changed\": {\"fields\": [\"Name\"]}}]"
  }
},
{
  "model": "admin.logentry",
  "pk": 233,
  "fields": {
    "action_time": "2020-10-26T14:30:48.491Z",
    "user": 1,
    "content_type": 56,
    "object_id": "8",
    "object_repr": "My Module",
    "action_flag": 2,
    "change_message": "[{\"changed\": {\"fields\": [\"Name\"]}}]"
  }
},
{
  "model": "admin.logentry",
  "pk": 234,
  "fields": {
    "action_time": "2020-10-26T14:30:56.382Z",
    "user": 1,
    "content_type": 56,
    "object_id": "8",
    "object_repr": "My Pack",
    "action_flag": 2,
    "change_message": "[{\"changed\": {\"fields\": [\"Name\"]}}]"
  }
},
{
  "model": "admin.logentry",
  "pk": 235,
  "fields": {
    "action_time": "2020-10-26T14:31:12.764Z",
    "user": 1,
    "content_type": 56,
    "object_id": "8",
    "object_repr": "My Pack",
    "action_flag": 2,
    "change_message": "[{\"changed\": {\"fields\": [\"Is specification\"]}}]"
  }
},
{
  "model": "admin.logentry",
  "pk": 236,
  "fields": {
    "action_time": "2020-10-26T14:32:00.704Z",
    "user": 1,
    "content_type": 56,
    "object_id": "9",
    "object_repr": "Pack Clone",
    "action_flag": 1,
    "change_message": "[{\"added\": {}}]"
  }
},
{
  "model": "admin.logentry",
  "pk": 237,
  "fields": {
    "action_time": "2020-10-26T16:21:44.441Z",
    "user": 1,
    "content_type": 56,
    "object_id": "6",
    "object_repr": "NegativeElectrode",
    "action_flag": 2,
    "change_message": "[{\"changed\": {\"fields\": [\"Is composite\"]}}]"
  }
},
{
  "model": "admin.logentry",
  "pk": 238,
  "fields": {
    "action_time": "2020-10-26T16:21:58.668Z",
    "user": 1,
    "content_type": 56,
    "object_id": "5",
    "object_repr": "PositiveElectrode",
    "action_flag": 2,
    "change_message": "[{\"changed\": {\"fields\": [\"Is composite\"]}}]"
  }
},
{
  "model": "admin.logentry",
  "pk": 239,
  "fields": {
    "action_time": "2020-10-26T16:29:08.691Z",
    "user": 1,
    "content_type": 56,
    "object_id": "6",
    "object_repr": "NegativeElectrode",
    "action_flag": 2,
    "change_message": "[{\"added\": {\"name\": \"thing\", \"object\": \"foo\"}}]"
  }
},
{
  "model": "admin.logentry",
  "pk": 240,
  "fields": {
    "action_time": "2020-10-26T16:29:41.113Z",
    "user": 1,
    "content_type": 56,
    "object_id": "3",
    "object_repr": "Cell 2",
    "action_flag": 2,
    "change_message": "[{\"changed\": {\"fields\": [\"Is composite\"]}}]"
  }
},
{
  "model": "admin.logentry",
  "pk": 241,
  "fields": {
    "action_time": "2020-10-26T16:30:08.247Z",
    "user": 1,
    "content_type": 56,
    "object_id": "8",
    "object_repr": "My Pack",
    "action_flag": 3,
    "change_message": ""
  }
},
{
  "model": "admin.logentry",
  "pk": 242,
  "fields": {
    "action_time": "2020-10-26T16:30:38.113Z",
    "user": 1,
    "content_type": 56,
    "object_id": "8",
    "object_repr": "My Pack",
    "action_flag": 3,
    "change_message": ""
  }
},
{
  "model": "admin.logentry",
  "pk": 243,
  "fields": {
    "action_time": "2020-10-26T16:30:38.136Z",
    "user": 1,
    "content_type": 56,
    "object_id": "1",
    "object_repr": "2S Module",
    "action_flag": 3,
    "change_message": ""
  }
},
{
  "model": "admin.logentry",
  "pk": 244,
  "fields": {
    "action_time": "2020-10-26T16:30:38.151Z",
    "user": 1,
    "content_type": 56,
    "object_id": "3",
    "object_repr": "Cell 2",
    "action_flag": 3,
    "change_message": ""
  }
},
{
  "model": "admin.logentry",
  "pk": 245,
  "fields": {
    "action_time": "2020-10-26T16:30:38.166Z",
    "user": 1,
    "content_type": 56,
    "object_id": "5",
    "object_repr": "PositiveElectrode",
    "action_flag": 3,
    "change_message": ""
  }
},
{
  "model": "admin.logentry",
  "pk": 246,
  "fields": {
    "action_time": "2020-10-26T16:30:38.188Z",
    "user": 1,
    "content_type": 56,
    "object_id": "6",
    "object_repr": "NegativeElectrode",
    "action_flag": 3,
    "change_message": ""
  }
},
{
  "model": "admin.logentry",
  "pk": 247,
  "fields": {
    "action_time": "2020-10-26T16:30:38.211Z",
    "user": 1,
    "content_type": 56,
    "object_id": "10",
    "object_repr": "foo",
    "action_flag": 3,
    "change_message": ""
  }
},
{
  "model": "admin.logentry",
  "pk": 248,
  "fields": {
    "action_time": "2020-10-26T16:30:38.229Z",
    "user": 1,
    "content_type": 56,
    "object_id": "2",
    "object_repr": "Cell 1",
    "action_flag": 3,
    "change_message": ""
  }
},
{
  "model": "admin.logentry",
  "pk": 249,
  "fields": {
    "action_time": "2020-10-26T16:30:38.249Z",
    "user": 1,
    "content_type": 56,
    "object_id": "4",
    "object_repr": "PositiveElectrode",
    "action_flag": 3,
    "change_message": ""
  }
},
{
  "model": "admin.logentry",
  "pk": 250,
  "fields": {
    "action_time": "2020-10-26T16:30:38.262Z",
    "user": 1,
    "content_type": 56,
    "object_id": "7",
    "object_repr": "NegativeElectrode",
    "action_flag": 3,
    "change_message": ""
  }
},
{
  "model": "admin.logentry",
  "pk": 251,
  "fields": {
    "action_time": "2020-10-26T16:30:38.273Z",
    "user": 1,
    "content_type": 56,
    "object_id": "9",
    "object_repr": "Pack Clone",
    "action_flag": 3,
    "change_message": ""
  }
},
{
  "model": "admin.logentry",
  "pk": 252,
  "fields": {
    "action_time": "2020-10-26T16:31:06.604Z",
    "user": 1,
    "content_type": 56,
    "object_id": "11",
    "object_repr": "My Module",
    "action_flag": 1,
    "change_message": "[{\"added\": {}}, {\"added\": {\"name\": \"thing\", \"object\": \"Cell 1\"}}, {\"added\": {\"name\": \"thing\", \"object\": \"Cell 2\"}}]"
  }
},
{
  "model": "admin.logentry",
  "pk": 253,
  "fields": {
    "action_time": "2020-10-26T16:31:18.650Z",
    "user": 1,
    "content_type": 56,
    "object_id": "12",
    "object_repr": "Cell 1",
    "action_flag": 2,
    "change_message": "[{\"changed\": {\"fields\": [\"Parent assembly\"]}}, {\"added\": {\"name\": \"thing\", \"object\": \"PositiveElectrode\"}}]"
  }
},
{
  "model": "admin.logentry",
  "pk": 254,
  "fields": {
    "action_time": "2020-10-26T16:32:25.605Z",
    "user": 1,
    "content_type": 56,
    "object_id": "12",
    "object_repr": "Cell 1",
    "action_flag": 2,
    "change_message": "[{\"changed\": {\"fields\": [\"Parent assembly\"]}}]"
  }
},
{
  "model": "admin.logentry",
  "pk": 255,
  "fields": {
    "action_time": "2020-10-26T16:33:20.829Z",
    "user": 1,
    "content_type": 56,
    "object_id": "12",
    "object_repr": "Cell 1",
    "action_flag": 2,
    "change_message": "[{\"changed\": {\"fields\": [\"lft\", \"rght\"]}}]"
  }
},
{
  "model": "auth.permission",
  "pk": 1,
  "fields": {
    "name": "Can add cell",
    "content_type": 1,
    "codename": "add_cell"
  }
},
{
  "model": "auth.permission",
  "pk": 2,
  "fields": {
    "name": "Can change cell",
    "content_type": 1,
    "codename": "change_cell"
  }
},
{
  "model": "auth.permission",
  "pk": 3,
  "fields": {
    "name": "Can delete cell",
    "content_type": 1,
    "codename": "delete_cell"
  }
},
{
  "model": "auth.permission",
  "pk": 4,
  "fields": {
    "name": "Can view cell",
    "content_type": 1,
    "codename": "view_cell"
  }
},
{
  "model": "auth.permission",
  "pk": 5,
  "fields": {
    "name": "Can add cell separator",
    "content_type": 2,
    "codename": "add_cellseparator"
  }
},
{
  "model": "auth.permission",
  "pk": 6,
  "fields": {
    "name": "Can change cell separator",
    "content_type": 2,
    "codename": "change_cellseparator"
  }
},
{
  "model": "auth.permission",
  "pk": 7,
  "fields": {
    "name": "Can delete cell separator",
    "content_type": 2,
    "codename": "delete_cellseparator"
  }
},
{
  "model": "auth.permission",
  "pk": 8,
  "fields": {
    "name": "Can view cell separator",
    "content_type": 2,
    "codename": "view_cellseparator"
  }
},
{
  "model": "auth.permission",
  "pk": 9,
  "fields": {
    "name": "Can add equipment",
    "content_type": 3,
    "codename": "add_equipment"
  }
},
{
  "model": "auth.permission",
  "pk": 10,
  "fields": {
    "name": "Can change equipment",
    "content_type": 3,
    "codename": "change_equipment"
  }
},
{
  "model": "auth.permission",
  "pk": 11,
  "fields": {
    "name": "Can delete equipment",
    "content_type": 3,
    "codename": "delete_equipment"
  }
},
{
  "model": "auth.permission",
  "pk": 12,
  "fields": {
    "name": "Can view equipment",
    "content_type": 3,
    "codename": "view_equipment"
  }
},
{
  "model": "auth.permission",
  "pk": 13,
  "fields": {
    "name": "Can add manufacturer",
    "content_type": 4,
    "codename": "add_manufacturer"
  }
},
{
  "model": "auth.permission",
  "pk": 14,
  "fields": {
    "name": "Can change manufacturer",
    "content_type": 4,
    "codename": "change_manufacturer"
  }
},
{
  "model": "auth.permission",
  "pk": 15,
  "fields": {
    "name": "Can delete manufacturer",
    "content_type": 4,
    "codename": "delete_manufacturer"
  }
},
{
  "model": "auth.permission",
  "pk": 16,
  "fields": {
    "name": "Can view manufacturer",
    "content_type": 4,
    "codename": "view_manufacturer"
  }
},
{
  "model": "auth.permission",
  "pk": 17,
  "fields": {
    "name": "Can add signal type",
    "content_type": 5,
    "codename": "add_signaltype"
  }
},
{
  "model": "auth.permission",
  "pk": 18,
  "fields": {
    "name": "Can change signal type",
    "content_type": 5,
    "codename": "change_signaltype"
  }
},
{
  "model": "auth.permission",
  "pk": 19,
  "fields": {
    "name": "Can delete signal type",
    "content_type": 5,
    "codename": "delete_signaltype"
  }
},
{
  "model": "auth.permission",
  "pk": 20,
  "fields": {
    "name": "Can view signal type",
    "content_type": 5,
    "codename": "view_signaltype"
  }
},
{
  "model": "auth.permission",
  "pk": 21,
  "fields": {
    "name": "Can add test protocol",
    "content_type": 6,
    "codename": "add_testprotocol"
  }
},
{
  "model": "auth.permission",
  "pk": 22,
  "fields": {
    "name": "Can change test protocol",
    "content_type": 6,
    "codename": "change_testprotocol"
  }
},
{
  "model": "auth.permission",
  "pk": 23,
  "fields": {
    "name": "Can delete test protocol",
    "content_type": 6,
    "codename": "delete_testprotocol"
  }
},
{
  "model": "auth.permission",
  "pk": 24,
  "fields": {
    "name": "Can view test protocol",
    "content_type": 6,
    "codename": "view_testprotocol"
  }
},
{
  "model": "auth.permission",
  "pk": 25,
  "fields": {
    "name": "Can add experimental apparatus",
    "content_type": 7,
    "codename": "add_experimentalapparatus"
  }
},
{
  "model": "auth.permission",
  "pk": 26,
  "fields": {
    "name": "Can change experimental apparatus",
    "content_type": 7,
    "codename": "change_experimentalapparatus"
  }
},
{
  "model": "auth.permission",
  "pk": 27,
  "fields": {
    "name": "Can delete experimental apparatus",
    "content_type": 7,
    "codename": "delete_experimentalapparatus"
  }
},
{
  "model": "auth.permission",
  "pk": 28,
  "fields": {
    "name": "Can view experimental apparatus",
    "content_type": 7,
    "codename": "view_experimentalapparatus"
  }
},
{
  "model": "auth.permission",
  "pk": 29,
  "fields": {
    "name": "Can add experiment",
    "content_type": 8,
    "codename": "add_experiment"
  }
},
{
  "model": "auth.permission",
  "pk": 30,
  "fields": {
    "name": "Can change experiment",
    "content_type": 8,
    "codename": "change_experiment"
  }
},
{
  "model": "auth.permission",
  "pk": 31,
  "fields": {
    "name": "Can delete experiment",
    "content_type": 8,
    "codename": "delete_experiment"
  }
},
{
  "model": "auth.permission",
  "pk": 32,
  "fields": {
    "name": "Can view experiment",
    "content_type": 8,
    "codename": "view_experiment"
  }
},
{
  "model": "auth.permission",
  "pk": 33,
  "fields": {
    "name": "Can add cell batch",
    "content_type": 9,
    "codename": "add_cellbatch"
  }
},
{
  "model": "auth.permission",
  "pk": 34,
  "fields": {
    "name": "Can change cell batch",
    "content_type": 9,
    "codename": "change_cellbatch"
  }
},
{
  "model": "auth.permission",
  "pk": 35,
  "fields": {
    "name": "Can delete cell batch",
    "content_type": 9,
    "codename": "delete_cellbatch"
  }
},
{
  "model": "auth.permission",
  "pk": 36,
  "fields": {
    "name": "Can view cell batch",
    "content_type": 9,
    "codename": "view_cellbatch"
  }
},
{
  "model": "auth.permission",
  "pk": 37,
  "fields": {
    "name": "Can add permission",
    "content_type": 10,
    "codename": "add_permission"
  }
},
{
  "model": "auth.permission",
  "pk": 38,
  "fields": {
    "name": "Can change permission",
    "content_type": 10,
    "codename": "change_permission"
  }
},
{
  "model": "auth.permission",
  "pk": 39,
  "fields": {
    "name": "Can delete permission",
    "content_type": 10,
    "codename": "delete_permission"
  }
},
{
  "model": "auth.permission",
  "pk": 40,
  "fields": {
    "name": "Can view permission",
    "content_type": 10,
    "codename": "view_permission"
  }
},
{
  "model": "auth.permission",
  "pk": 41,
  "fields": {
    "name": "Can add group",
    "content_type": 11,
    "codename": "add_group"
  }
},
{
  "model": "auth.permission",
  "pk": 42,
  "fields": {
    "name": "Can change group",
    "content_type": 11,
    "codename": "change_group"
  }
},
{
  "model": "auth.permission",
  "pk": 43,
  "fields": {
    "name": "Can delete group",
    "content_type": 11,
    "codename": "delete_group"
  }
},
{
  "model": "auth.permission",
  "pk": 44,
  "fields": {
    "name": "Can view group",
    "content_type": 11,
    "codename": "view_group"
  }
},
{
  "model": "auth.permission",
  "pk": 45,
  "fields": {
    "name": "Can add user",
    "content_type": 12,
    "codename": "add_user"
  }
},
{
  "model": "auth.permission",
  "pk": 46,
  "fields": {
    "name": "Can change user",
    "content_type": 12,
    "codename": "change_user"
  }
},
{
  "model": "auth.permission",
  "pk": 47,
  "fields": {
    "name": "Can delete user",
    "content_type": 12,
    "codename": "delete_user"
  }
},
{
  "model": "auth.permission",
  "pk": 48,
  "fields": {
    "name": "Can view user",
    "content_type": 12,
    "codename": "view_user"
  }
},
{
  "model": "auth.permission",
  "pk": 49,
  "fields": {
    "name": "Can add content type",
    "content_type": 13,
    "codename": "add_contenttype"
  }
},
{
  "model": "auth.permission",
  "pk": 50,
  "fields": {
    "name": "Can change content type",
    "content_type": 13,
    "codename": "change_contenttype"
  }
},
{
  "model": "auth.permission",
  "pk": 51,
  "fields": {
    "name": "Can delete content type",
    "content_type": 13,
    "codename": "delete_contenttype"
  }
},
{
  "model": "auth.permission",
  "pk": 52,
  "fields": {
    "name": "Can view content type",
    "content_type": 13,
    "codename": "view_contenttype"
  }
},
{
  "model": "auth.permission",
  "pk": 53,
  "fields": {
    "name": "Can add log entry",
    "content_type": 14,
    "codename": "add_logentry"
  }
},
{
  "model": "auth.permission",
  "pk": 54,
  "fields": {
    "name": "Can change log entry",
    "content_type": 14,
    "codename": "change_logentry"
  }
},
{
  "model": "auth.permission",
  "pk": 55,
  "fields": {
    "name": "Can delete log entry",
    "content_type": 14,
    "codename": "delete_logentry"
  }
},
{
  "model": "auth.permission",
  "pk": 56,
  "fields": {
    "name": "Can view log entry",
    "content_type": 14,
    "codename": "view_logentry"
  }
},
{
  "model": "auth.permission",
  "pk": 57,
  "fields": {
    "name": "Can add session",
    "content_type": 15,
    "codename": "add_session"
  }
},
{
  "model": "auth.permission",
  "pk": 58,
  "fields": {
    "name": "Can change session",
    "content_type": 15,
    "codename": "change_session"
  }
},
{
  "model": "auth.permission",
  "pk": 59,
  "fields": {
    "name": "Can delete session",
    "content_type": 15,
    "codename": "delete_session"
  }
},
{
  "model": "auth.permission",
  "pk": 60,
  "fields": {
    "name": "Can view session",
    "content_type": 15,
    "codename": "view_session"
  }
},
{
  "model": "auth.permission",
  "pk": 61,
  "fields": {
    "name": "Can add equipment type",
    "content_type": 16,
    "codename": "add_equipmenttype"
  }
},
{
  "model": "auth.permission",
  "pk": 62,
  "fields": {
    "name": "Can change equipment type",
    "content_type": 16,
    "codename": "change_equipmenttype"
  }
},
{
  "model": "auth.permission",
  "pk": 63,
  "fields": {
    "name": "Can delete equipment type",
    "content_type": 16,
    "codename": "delete_equipmenttype"
  }
},
{
  "model": "auth.permission",
  "pk": 64,
  "fields": {
    "name": "Can view equipment type",
    "content_type": 16,
    "codename": "view_equipmenttype"
  }
},
{
  "model": "auth.permission",
  "pk": 65,
  "fields": {
    "name": "Can add cell config",
    "content_type": 17,
    "codename": "add_cellconfig"
  }
},
{
  "model": "auth.permission",
  "pk": 66,
  "fields": {
    "name": "Can change cell config",
    "content_type": 17,
    "codename": "change_cellconfig"
  }
},
{
  "model": "auth.permission",
  "pk": 67,
  "fields": {
    "name": "Can delete cell config",
    "content_type": 17,
    "codename": "delete_cellconfig"
  }
},
{
  "model": "auth.permission",
  "pk": 68,
  "fields": {
    "name": "Can view cell config",
    "content_type": 17,
    "codename": "view_cellconfig"
  }
},
{
  "model": "auth.permission",
  "pk": 69,
  "fields": {
    "name": "Can add experiment result",
    "content_type": 18,
    "codename": "add_experimentresult"
  }
},
{
  "model": "auth.permission",
  "pk": 70,
  "fields": {
    "name": "Can change experiment result",
    "content_type": 18,
    "codename": "change_experimentresult"
  }
},
{
  "model": "auth.permission",
  "pk": 71,
  "fields": {
    "name": "Can delete experiment result",
    "content_type": 18,
    "codename": "delete_experimentresult"
  }
},
{
  "model": "auth.permission",
  "pk": 72,
  "fields": {
    "name": "Can view experiment result",
    "content_type": 18,
    "codename": "view_experimentresult"
  }
},
{
  "model": "auth.permission",
  "pk": 73,
  "fields": {
    "name": "Can add experiment data",
    "content_type": 19,
    "codename": "add_experimentdata"
  }
},
{
  "model": "auth.permission",
  "pk": 74,
  "fields": {
    "name": "Can change experiment data",
    "content_type": 19,
    "codename": "change_experimentdata"
  }
},
{
  "model": "auth.permission",
  "pk": 75,
  "fields": {
    "name": "Can delete experiment data",
    "content_type": 19,
    "codename": "delete_experimentdata"
  }
},
{
  "model": "auth.permission",
  "pk": 76,
  "fields": {
    "name": "Can view experiment data",
    "content_type": 19,
    "codename": "view_experimentdata"
  }
},
{
  "model": "auth.permission",
  "pk": 77,
  "fields": {
    "name": "Can add e c_ cycle",
    "content_type": 20,
    "codename": "add_ec_cycle"
  }
},
{
  "model": "auth.permission",
  "pk": 78,
  "fields": {
    "name": "Can change e c_ cycle",
    "content_type": 20,
    "codename": "change_ec_cycle"
  }
},
{
  "model": "auth.permission",
  "pk": 79,
  "fields": {
    "name": "Can delete e c_ cycle",
    "content_type": 20,
    "codename": "delete_ec_cycle"
  }
},
{
  "model": "auth.permission",
  "pk": 80,
  "fields": {
    "name": "Can view e c_ cycle",
    "content_type": 20,
    "codename": "view_ec_cycle"
  }
},
{
  "model": "auth.permission",
  "pk": 81,
  "fields": {
    "name": "Can add cell type",
    "content_type": 21,
    "codename": "add_celltype"
  }
},
{
  "model": "auth.permission",
  "pk": 82,
  "fields": {
    "name": "Can change cell type",
    "content_type": 21,
    "codename": "change_celltype"
  }
},
{
  "model": "auth.permission",
  "pk": 83,
  "fields": {
    "name": "Can delete cell type",
    "content_type": 21,
    "codename": "delete_celltype"
  }
},
{
  "model": "auth.permission",
  "pk": 84,
  "fields": {
    "name": "Can view cell type",
    "content_type": 21,
    "codename": "view_celltype"
  }
},
{
  "model": "auth.permission",
  "pk": 85,
  "fields": {
    "name": "Can add data range",
    "content_type": 22,
    "codename": "add_datarange"
  }
},
{
  "model": "auth.permission",
  "pk": 86,
  "fields": {
    "name": "Can change data range",
    "content_type": 22,
    "codename": "change_datarange"
  }
},
{
  "model": "auth.permission",
  "pk": 87,
  "fields": {
    "name": "Can delete data range",
    "content_type": 22,
    "codename": "delete_datarange"
  }
},
{
  "model": "auth.permission",
  "pk": 88,
  "fields": {
    "name": "Can view data range",
    "content_type": 22,
    "codename": "view_datarange"
  }
},
{
  "model": "auth.permission",
  "pk": 89,
  "fields": {
    "name": "Can add experiment data file",
    "content_type": 23,
    "codename": "add_experimentdatafile"
  }
},
{
  "model": "auth.permission",
  "pk": 90,
  "fields": {
    "name": "Can change experiment data file",
    "content_type": 23,
    "codename": "change_experimentdatafile"
  }
},
{
  "model": "auth.permission",
  "pk": 91,
  "fields": {
    "name": "Can delete experiment data file",
    "content_type": 23,
    "codename": "delete_experimentdatafile"
  }
},
{
  "model": "auth.permission",
  "pk": 92,
  "fields": {
    "name": "Can view experiment data file",
    "content_type": 23,
    "codename": "view_experimentdatafile"
  }
},
{
  "model": "auth.permission",
  "pk": 93,
  "fields": {
    "name": "Can add dash app",
    "content_type": 24,
    "codename": "add_dashapp"
  }
},
{
  "model": "auth.permission",
  "pk": 94,
  "fields": {
    "name": "Can change dash app",
    "content_type": 24,
    "codename": "change_dashapp"
  }
},
{
  "model": "auth.permission",
  "pk": 95,
  "fields": {
    "name": "Can delete dash app",
    "content_type": 24,
    "codename": "delete_dashapp"
  }
},
{
  "model": "auth.permission",
  "pk": 96,
  "fields": {
    "name": "Can view dash app",
    "content_type": 24,
    "codename": "view_dashapp"
  }
},
{
  "model": "auth.permission",
  "pk": 97,
  "fields": {
    "name": "Can add stateless app",
    "content_type": 25,
    "codename": "add_statelessapp"
  }
},
{
  "model": "auth.permission",
  "pk": 98,
  "fields": {
    "name": "Can change stateless app",
    "content_type": 25,
    "codename": "change_statelessapp"
  }
},
{
  "model": "auth.permission",
  "pk": 99,
  "fields": {
    "name": "Can delete stateless app",
    "content_type": 25,
    "codename": "delete_statelessapp"
  }
},
{
  "model": "auth.permission",
  "pk": 100,
  "fields": {
    "name": "Can view stateless app",
    "content_type": 25,
    "codename": "view_statelessapp"
  }
},
{
  "model": "auth.permission",
  "pk": 101,
  "fields": {
    "name": "Can add paper",
    "content_type": 26,
    "codename": "add_paper"
  }
},
{
  "model": "auth.permission",
  "pk": 102,
  "fields": {
    "name": "Can change paper",
    "content_type": 26,
    "codename": "change_paper"
  }
},
{
  "model": "auth.permission",
  "pk": 103,
  "fields": {
    "name": "Can delete paper",
    "content_type": 26,
    "codename": "delete_paper"
  }
},
{
  "model": "auth.permission",
  "pk": 104,
  "fields": {
    "name": "Can view paper",
    "content_type": 26,
    "codename": "view_paper"
  }
},
{
  "model": "auth.permission",
  "pk": 105,
  "fields": {
    "name": "Can add composition part",
    "content_type": 27,
    "codename": "add_compositionpart"
  }
},
{
  "model": "auth.permission",
  "pk": 106,
  "fields": {
    "name": "Can change composition part",
    "content_type": 27,
    "codename": "change_compositionpart"
  }
},
{
  "model": "auth.permission",
  "pk": 107,
  "fields": {
    "name": "Can delete composition part",
    "content_type": 27,
    "codename": "delete_compositionpart"
  }
},
{
  "model": "auth.permission",
  "pk": 108,
  "fields": {
    "name": "Can view composition part",
    "content_type": 27,
    "codename": "view_compositionpart"
  }
},
{
  "model": "auth.permission",
  "pk": 109,
  "fields": {
    "name": "Can add compound",
    "content_type": 28,
    "codename": "add_compound"
  }
},
{
  "model": "auth.permission",
  "pk": 110,
  "fields": {
    "name": "Can change compound",
    "content_type": 28,
    "codename": "change_compound"
  }
},
{
  "model": "auth.permission",
  "pk": 111,
  "fields": {
    "name": "Can delete compound",
    "content_type": 28,
    "codename": "delete_compound"
  }
},
{
  "model": "auth.permission",
  "pk": 112,
  "fields": {
    "name": "Can view compound",
    "content_type": 28,
    "codename": "view_compound"
  }
},
{
  "model": "auth.permission",
  "pk": 113,
  "fields": {
    "name": "Can add material",
    "content_type": 29,
    "codename": "add_material"
  }
},
{
  "model": "auth.permission",
  "pk": 114,
  "fields": {
    "name": "Can change material",
    "content_type": 29,
    "codename": "change_material"
  }
},
{
  "model": "auth.permission",
  "pk": 115,
  "fields": {
    "name": "Can delete material",
    "content_type": 29,
    "codename": "delete_material"
  }
},
{
  "model": "auth.permission",
  "pk": 116,
  "fields": {
    "name": "Can view material",
    "content_type": 29,
    "codename": "view_material"
  }
},
{
  "model": "auth.permission",
  "pk": 117,
  "fields": {
    "name": "Can add method",
    "content_type": 30,
    "codename": "add_method"
  }
},
{
  "model": "auth.permission",
  "pk": 118,
  "fields": {
    "name": "Can change method",
    "content_type": 30,
    "codename": "change_method"
  }
},
{
  "model": "auth.permission",
  "pk": 119,
  "fields": {
    "name": "Can delete method",
    "content_type": 30,
    "codename": "delete_method"
  }
},
{
  "model": "auth.permission",
  "pk": 120,
  "fields": {
    "name": "Can view method",
    "content_type": 30,
    "codename": "view_method"
  }
},
{
  "model": "auth.permission",
  "pk": 121,
  "fields": {
    "name": "Can add quantity unit",
    "content_type": 31,
    "codename": "add_quantityunit"
  }
},
{
  "model": "auth.permission",
  "pk": 122,
  "fields": {
    "name": "Can change quantity unit",
    "content_type": 31,
    "codename": "change_quantityunit"
  }
},
{
  "model": "auth.permission",
  "pk": 123,
  "fields": {
    "name": "Can delete quantity unit",
    "content_type": 31,
    "codename": "delete_quantityunit"
  }
},
{
  "model": "auth.permission",
  "pk": 124,
  "fields": {
    "name": "Can view quantity unit",
    "content_type": 31,
    "codename": "view_quantityunit"
  }
},
{
  "model": "auth.permission",
  "pk": 125,
  "fields": {
    "name": "Can add parameter",
    "content_type": 32,
    "codename": "add_parameter"
  }
},
{
  "model": "auth.permission",
  "pk": 126,
  "fields": {
    "name": "Can change parameter",
    "content_type": 32,
    "codename": "change_parameter"
  }
},
{
  "model": "auth.permission",
  "pk": 127,
  "fields": {
    "name": "Can delete parameter",
    "content_type": 32,
    "codename": "delete_parameter"
  }
},
{
  "model": "auth.permission",
  "pk": 128,
  "fields": {
    "name": "Can view parameter",
    "content_type": 32,
    "codename": "view_parameter"
  }
},
{
  "model": "auth.permission",
  "pk": 129,
  "fields": {
    "name": "Can add data",
    "content_type": 33,
    "codename": "add_data"
  }
},
{
  "model": "auth.permission",
  "pk": 130,
  "fields": {
    "name": "Can change data",
    "content_type": 33,
    "codename": "change_data"
  }
},
{
  "model": "auth.permission",
  "pk": 131,
  "fields": {
    "name": "Can delete data",
    "content_type": 33,
    "codename": "delete_data"
  }
},
{
  "model": "auth.permission",
  "pk": 132,
  "fields": {
    "name": "Can view data",
    "content_type": 33,
    "codename": "view_data"
  }
},
{
  "model": "auth.permission",
  "pk": 133,
  "fields": {
    "name": "Can add org",
    "content_type": 34,
    "codename": "add_org"
  }
},
{
  "model": "auth.permission",
  "pk": 134,
  "fields": {
    "name": "Can change org",
    "content_type": 34,
    "codename": "change_org"
  }
},
{
  "model": "auth.permission",
  "pk": 135,
  "fields": {
    "name": "Can delete org",
    "content_type": 34,
    "codename": "delete_org"
  }
},
{
  "model": "auth.permission",
  "pk": 136,
  "fields": {
    "name": "Can view org",
    "content_type": 34,
    "codename": "view_org"
  }
},
{
  "model": "auth.permission",
  "pk": 137,
  "fields": {
    "name": "Can add paper",
    "content_type": 35,
    "codename": "add_paper"
  }
},
{
  "model": "auth.permission",
  "pk": 138,
  "fields": {
    "name": "Can change paper",
    "content_type": 35,
    "codename": "change_paper"
  }
},
{
  "model": "auth.permission",
  "pk": 139,
  "fields": {
    "name": "Can delete paper",
    "content_type": 35,
    "codename": "delete_paper"
  }
},
{
  "model": "auth.permission",
  "pk": 140,
  "fields": {
    "name": "Can view paper",
    "content_type": 35,
    "codename": "view_paper"
  }
},
{
  "model": "auth.permission",
  "pk": 141,
  "fields": {
    "name": "Can add person",
    "content_type": 36,
    "codename": "add_person"
  }
},
{
  "model": "auth.permission",
  "pk": 142,
  "fields": {
    "name": "Can change person",
    "content_type": 36,
    "codename": "change_person"
  }
},
{
  "model": "auth.permission",
  "pk": 143,
  "fields": {
    "name": "Can delete person",
    "content_type": 36,
    "codename": "delete_person"
  }
},
{
  "model": "auth.permission",
  "pk": 144,
  "fields": {
    "name": "Can view person",
    "content_type": 36,
    "codename": "view_person"
  }
},
{
  "model": "auth.permission",
  "pk": 145,
  "fields": {
    "name": "Can add device type",
    "content_type": 37,
    "codename": "add_devicetype"
  }
},
{
  "model": "auth.permission",
  "pk": 146,
  "fields": {
    "name": "Can change device type",
    "content_type": 37,
    "codename": "change_devicetype"
  }
},
{
  "model": "auth.permission",
  "pk": 147,
  "fields": {
    "name": "Can delete device type",
    "content_type": 37,
    "codename": "delete_devicetype"
  }
},
{
  "model": "auth.permission",
  "pk": 148,
  "fields": {
    "name": "Can view device type",
    "content_type": 37,
    "codename": "view_devicetype"
  }
},
{
  "model": "auth.permission",
  "pk": 149,
  "fields": {
    "name": "Can add device batch",
    "content_type": 38,
    "codename": "add_devicebatch"
  }
},
{
  "model": "auth.permission",
  "pk": 150,
  "fields": {
    "name": "Can change device batch",
    "content_type": 38,
    "codename": "change_devicebatch"
  }
},
{
  "model": "auth.permission",
  "pk": 151,
  "fields": {
    "name": "Can delete device batch",
    "content_type": 38,
    "codename": "delete_devicebatch"
  }
},
{
  "model": "auth.permission",
  "pk": 152,
  "fields": {
    "name": "Can view device batch",
    "content_type": 38,
    "codename": "view_devicebatch"
  }
},
{
  "model": "auth.permission",
  "pk": 153,
  "fields": {
    "name": "Can add device",
    "content_type": 39,
    "codename": "add_device"
  }
},
{
  "model": "auth.permission",
  "pk": 154,
  "fields": {
    "name": "Can change device",
    "content_type": 39,
    "codename": "change_device"
  }
},
{
  "model": "auth.permission",
  "pk": 155,
  "fields": {
    "name": "Can delete device",
    "content_type": 39,
    "codename": "delete_device"
  }
},
{
  "model": "auth.permission",
  "pk": 156,
  "fields": {
    "name": "Can view device",
    "content_type": 39,
    "codename": "view_device"
  }
},
{
  "model": "auth.permission",
  "pk": 157,
  "fields": {
    "name": "Can add raw data file",
    "content_type": 40,
    "codename": "add_rawdatafile"
  }
},
{
  "model": "auth.permission",
  "pk": 158,
  "fields": {
    "name": "Can change raw data file",
    "content_type": 40,
    "codename": "change_rawdatafile"
  }
},
{
  "model": "auth.permission",
  "pk": 159,
  "fields": {
    "name": "Can delete raw data file",
    "content_type": 40,
    "codename": "delete_rawdatafile"
  }
},
{
  "model": "auth.permission",
  "pk": 160,
  "fields": {
    "name": "Can view raw data file",
    "content_type": 40,
    "codename": "view_rawdatafile"
  }
},
{
  "model": "auth.permission",
  "pk": 161,
  "fields": {
    "name": "Can add apparatus equipment",
    "content_type": 41,
    "codename": "add_apparatusequipment"
  }
},
{
  "model": "auth.permission",
  "pk": 162,
  "fields": {
    "name": "Can change apparatus equipment",
    "content_type": 41,
    "codename": "change_apparatusequipment"
  }
},
{
  "model": "auth.permission",
  "pk": 163,
  "fields": {
    "name": "Can delete apparatus equipment",
    "content_type": 41,
    "codename": "delete_apparatusequipment"
  }
},
{
  "model": "auth.permission",
  "pk": 164,
  "fields": {
    "name": "Can view apparatus equipment",
    "content_type": 41,
    "codename": "view_apparatusequipment"
  }
},
{
  "model": "auth.permission",
  "pk": 165,
  "fields": {
    "name": "Can add device type",
    "content_type": 42,
    "codename": "add_devicetype"
  }
},
{
  "model": "auth.permission",
  "pk": 166,
  "fields": {
    "name": "Can change device type",
    "content_type": 42,
    "codename": "change_devicetype"
  }
},
{
  "model": "auth.permission",
  "pk": 167,
  "fields": {
    "name": "Can delete device type",
    "content_type": 42,
    "codename": "delete_devicetype"
  }
},
{
  "model": "auth.permission",
  "pk": 168,
  "fields": {
    "name": "Can view device type",
    "content_type": 42,
    "codename": "view_devicetype"
  }
},
{
  "model": "auth.permission",
  "pk": 169,
  "fields": {
    "name": "Can add device",
    "content_type": 43,
    "codename": "add_device"
  }
},
{
  "model": "auth.permission",
  "pk": 170,
  "fields": {
    "name": "Can change device",
    "content_type": 43,
    "codename": "change_device"
  }
},
{
  "model": "auth.permission",
  "pk": 171,
  "fields": {
    "name": "Can delete device",
    "content_type": 43,
    "codename": "delete_device"
  }
},
{
  "model": "auth.permission",
  "pk": 172,
  "fields": {
    "name": "Can view device",
    "content_type": 43,
    "codename": "view_device"
  }
},
{
  "model": "auth.permission",
  "pk": 173,
  "fields": {
    "name": "Can add batch",
    "content_type": 44,
    "codename": "add_batch"
  }
},
{
  "model": "auth.permission",
  "pk": 174,
  "fields": {
    "name": "Can change batch",
    "content_type": 44,
    "codename": "change_batch"
  }
},
{
  "model": "auth.permission",
  "pk": 175,
  "fields": {
    "name": "Can delete batch",
    "content_type": 44,
    "codename": "delete_batch"
  }
},
{
  "model": "auth.permission",
  "pk": 176,
  "fields": {
    "name": "Can view batch",
    "content_type": 44,
    "codename": "view_batch"
  }
},
{
  "model": "auth.permission",
  "pk": 177,
  "fields": {
    "name": "Can add Token",
    "content_type": 45,
    "codename": "add_token"
  }
},
{
  "model": "auth.permission",
  "pk": 178,
  "fields": {
    "name": "Can change Token",
    "content_type": 45,
    "codename": "change_token"
  }
},
{
  "model": "auth.permission",
  "pk": 179,
  "fields": {
    "name": "Can delete Token",
    "content_type": 45,
    "codename": "delete_token"
  }
},
{
  "model": "auth.permission",
  "pk": 180,
  "fields": {
    "name": "Can view Token",
    "content_type": 45,
    "codename": "view_token"
  }
},
{
  "model": "auth.permission",
  "pk": 181,
  "fields": {
    "name": "Can add token",
    "content_type": 46,
    "codename": "add_tokenproxy"
  }
},
{
  "model": "auth.permission",
  "pk": 182,
  "fields": {
    "name": "Can change token",
    "content_type": 46,
    "codename": "change_tokenproxy"
  }
},
{
  "model": "auth.permission",
  "pk": 183,
  "fields": {
    "name": "Can delete token",
    "content_type": 46,
    "codename": "delete_tokenproxy"
  }
},
{
  "model": "auth.permission",
  "pk": 184,
  "fields": {
    "name": "Can view token",
    "content_type": 46,
    "codename": "view_tokenproxy"
  }
},
{
  "model": "auth.permission",
  "pk": 185,
  "fields": {
    "name": "Can add batch",
    "content_type": 47,
    "codename": "add_batch"
  }
},
{
  "model": "auth.permission",
  "pk": 186,
  "fields": {
    "name": "Can change batch",
    "content_type": 47,
    "codename": "change_batch"
  }
},
{
  "model": "auth.permission",
  "pk": 187,
  "fields": {
    "name": "Can delete batch",
    "content_type": 47,
    "codename": "delete_batch"
  }
},
{
  "model": "auth.permission",
  "pk": 188,
  "fields": {
    "name": "Can view batch",
    "content_type": 47,
    "codename": "view_batch"
  }
},
{
  "model": "auth.permission",
  "pk": 189,
  "fields": {
    "name": "Can add data parameter",
    "content_type": 48,
    "codename": "add_dataparameter"
  }
},
{
  "model": "auth.permission",
  "pk": 190,
  "fields": {
    "name": "Can change data parameter",
    "content_type": 48,
    "codename": "change_dataparameter"
  }
},
{
  "model": "auth.permission",
  "pk": 191,
  "fields": {
    "name": "Can delete data parameter",
    "content_type": 48,
    "codename": "delete_dataparameter"
  }
},
{
  "model": "auth.permission",
  "pk": 192,
  "fields": {
    "name": "Can view data parameter",
    "content_type": 48,
    "codename": "view_dataparameter"
  }
},
{
  "model": "auth.permission",
  "pk": 193,
  "fields": {
    "name": "Can add paper author",
    "content_type": 49,
    "codename": "add_paperauthor"
  }
},
{
  "model": "auth.permission",
  "pk": 194,
  "fields": {
    "name": "Can change paper author",
    "content_type": 49,
    "codename": "change_paperauthor"
  }
},
{
  "model": "auth.permission",
  "pk": 195,
  "fields": {
    "name": "Can delete paper author",
    "content_type": 49,
    "codename": "delete_paperauthor"
  }
},
{
  "model": "auth.permission",
  "pk": 196,
  "fields": {
    "name": "Can view paper author",
    "content_type": 49,
    "codename": "view_paperauthor"
  }
},
{
  "model": "auth.permission",
  "pk": 197,
  "fields": {
    "name": "Can add device config node",
    "content_type": 50,
    "codename": "add_deviceconfignode"
  }
},
{
  "model": "auth.permission",
  "pk": 198,
  "fields": {
    "name": "Can change device config node",
    "content_type": 50,
    "codename": "change_deviceconfignode"
  }
},
{
  "model": "auth.permission",
  "pk": 199,
  "fields": {
    "name": "Can delete device config node",
    "content_type": 50,
    "codename": "delete_deviceconfignode"
  }
},
{
  "model": "auth.permission",
  "pk": 200,
  "fields": {
    "name": "Can view device config node",
    "content_type": 50,
    "codename": "view_deviceconfignode"
  }
},
{
  "model": "auth.permission",
  "pk": 201,
  "fields": {
    "name": "Can add device config",
    "content_type": 51,
    "codename": "add_deviceconfig"
  }
},
{
  "model": "auth.permission",
  "pk": 202,
  "fields": {
    "name": "Can change device config",
    "content_type": 51,
    "codename": "change_deviceconfig"
  }
},
{
  "model": "auth.permission",
  "pk": 203,
  "fields": {
    "name": "Can delete device config",
    "content_type": 51,
    "codename": "delete_deviceconfig"
  }
},
{
  "model": "auth.permission",
  "pk": 204,
  "fields": {
    "name": "Can view device config",
    "content_type": 51,
    "codename": "view_deviceconfig"
  }
},
{
  "model": "auth.permission",
  "pk": 205,
  "fields": {
    "name": "Can add base model with slug",
    "content_type": 52,
    "codename": "add_basemodelwithslug"
  }
},
{
  "model": "auth.permission",
  "pk": 206,
  "fields": {
    "name": "Can change base model with slug",
    "content_type": 52,
    "codename": "change_basemodelwithslug"
  }
},
{
  "model": "auth.permission",
  "pk": 207,
  "fields": {
    "name": "Can delete base model with slug",
    "content_type": 52,
    "codename": "delete_basemodelwithslug"
  }
},
{
  "model": "auth.permission",
  "pk": 208,
  "fields": {
    "name": "Can view base model with slug",
    "content_type": 52,
    "codename": "view_basemodelwithslug"
  }
},
{
  "model": "auth.permission",
  "pk": 209,
  "fields": {
    "name": "Can add module device",
    "content_type": 53,
    "codename": "add_moduledevice"
  }
},
{
  "model": "auth.permission",
  "pk": 210,
  "fields": {
    "name": "Can change module device",
    "content_type": 53,
    "codename": "change_moduledevice"
  }
},
{
  "model": "auth.permission",
  "pk": 211,
  "fields": {
    "name": "Can delete module device",
    "content_type": 53,
    "codename": "delete_moduledevice"
  }
},
{
  "model": "auth.permission",
  "pk": 212,
  "fields": {
    "name": "Can view module device",
    "content_type": 53,
    "codename": "view_moduledevice"
  }
},
{
  "model": "auth.permission",
  "pk": 213,
  "fields": {
    "name": "Can add composite device",
    "content_type": 54,
    "codename": "add_compositedevice"
  }
},
{
  "model": "auth.permission",
  "pk": 214,
  "fields": {
    "name": "Can change composite device",
    "content_type": 54,
    "codename": "change_compositedevice"
  }
},
{
  "model": "auth.permission",
  "pk": 215,
  "fields": {
    "name": "Can delete composite device",
    "content_type": 54,
    "codename": "delete_compositedevice"
  }
},
{
  "model": "auth.permission",
  "pk": 216,
  "fields": {
    "name": "Can view composite device",
    "content_type": 54,
    "codename": "view_compositedevice"
  }
},
{
  "model": "auth.permission",
  "pk": 217,
  "fields": {
    "name": "Can add thing composition",
    "content_type": 55,
    "codename": "add_thingcomposition"
  }
},
{
  "model": "auth.permission",
  "pk": 218,
  "fields": {
    "name": "Can change thing composition",
    "content_type": 55,
    "codename": "change_thingcomposition"
  }
},
{
  "model": "auth.permission",
  "pk": 219,
  "fields": {
    "name": "Can delete thing composition",
    "content_type": 55,
    "codename": "delete_thingcomposition"
  }
},
{
  "model": "auth.permission",
  "pk": 220,
  "fields": {
    "name": "Can view thing composition",
    "content_type": 55,
    "codename": "view_thingcomposition"
  }
},
{
  "model": "auth.permission",
  "pk": 221,
  "fields": {
    "name": "Can add thing",
    "content_type": 56,
    "codename": "add_thing"
  }
},
{
  "model": "auth.permission",
  "pk": 222,
  "fields": {
    "name": "Can change thing",
    "content_type": 56,
    "codename": "change_thing"
  }
},
{
  "model": "auth.permission",
  "pk": 223,
  "fields": {
    "name": "Can delete thing",
    "content_type": 56,
    "codename": "delete_thing"
  }
},
{
  "model": "auth.permission",
  "pk": 224,
  "fields": {
    "name": "Can view thing",
    "content_type": 56,
    "codename": "view_thing"
  }
},
{
  "model": "auth.group",
  "pk": 1,
  "fields": {
    "name": "Administrators",
    "permissions": [
      53,
      54,
      55,
      56,
      41,
      42,
      43,
      44,
      37,
      38,
      39,
      40,
      45,
      46,
      47,
      48,
      1,
      2,
      3,
      4,
      33,
      34,
      35,
      36,
      65,
      66,
      67,
      68,
      5,
      6,
      7,
      8,
      9,
      10,
      11,
      12,
      61,
      62,
      63,
      64,
      29,
      30,
      31,
      32,
      25,
      26,
      27,
      28,
      13,
      14,
      15,
      16,
      17,
      18,
      19,
      20,
      21,
      22,
      23,
      24,
      49,
      50,
      51,
      52,
      57,
      58,
      59,
      60
    ]
  }
},
{
  "model": "auth.group",
  "pk": 2,
  "fields": {
    "name": "Experimenters",
    "permissions": [
      1,
      2,
      3,
      4,
      33,
      34,
      35,
      36,
      65,
      66,
      67,
      68,
      5,
      6,
      7,
      8,
      9,
      10,
      11,
      12,
      61,
      62,
      63,
      64,
      29,
      30,
      31,
      32,
      25,
      26,
      27,
      28,
      13,
      14,
      15,
      16,
      17,
      18,
      19,
      20,
      21,
      22,
      23,
      24
    ]
  }
},
{
  "model": "auth.user",
  "pk": 1,
  "fields": {
    "password": "pbkdf2_sha256$216000$OafoLVPyzITM$orFVUO5QzVoBneWLEpu4jxz+Ucrc+DqclzTFOsJcvH4=",
    "last_login": "2020-10-17T20:50:44.251Z",
    "is_superuser": true,
    "username": "tom",
    "first_name": "Tom",
    "last_name": "Owen",
    "email": "tom.owen@zepler.net",
    "is_staff": true,
    "is_active": true,
    "date_joined": "2020-08-04T18:08:06Z",
    "groups": [],
    "user_permissions": []
  }
},
{
  "model": "auth.user",
  "pk": 2,
  "fields": {
    "password": "pbkdf2_sha256$150000$xjdfdhTwRhJ2$UXRtByrTwyL9b+c/+/4ttwBrsYYx4Z3gXbi7n7MqAyo=",
    "last_login": null,
    "is_superuser": true,
    "username": "jacql",
    "first_name": "Jacqueline",
    "last_name": "Edge",
    "email": "j.edge@imperial.ac.uk",
    "is_staff": true,
    "is_active": true,
    "date_joined": "2020-08-11T10:11:31Z",
    "groups": [],
    "user_permissions": [
      53,
      54,
      55,
      56,
      41,
      42,
      43,
      44,
      37,
      38,
      39,
      40,
      45,
      46,
      47,
      48,
      1,
      2,
      3,
      4,
      33,
      34,
      35,
      36,
      65,
      66,
      67,
      68,
      5,
      6,
      7,
      8,
      9,
      10,
      11,
      12,
      61,
      62,
      63,
      64,
      29,
      30,
      31,
      32,
      25,
      26,
      27,
      28,
      13,
      14,
      15,
      16,
      17,
      18,
      19,
      20,
      21,
      22,
      23,
      24,
      49,
      50,
      51,
      52,
      57,
      58,
      59,
      60
    ]
  }
},
{
  "model": "auth.user",
  "pk": 3,
  "fields": {
    "password": "pbkdf2_sha256$150000$EfLnuKoVFTo5$eI9zlUW09YuBiHiPdlpYqbf8cFyvRvTISVec8IqZaUw=",
    "last_login": "2020-08-13T09:56:28Z",
    "is_superuser": true,
    "username": "binbin",
    "first_name": "Binbin",
    "last_name": "Chen",
    "email": "",
    "is_staff": true,
    "is_active": true,
    "date_joined": "2020-08-13T08:53:36Z",
    "groups": [
      2
    ],
    "user_permissions": []
  }
},
{
  "model": "auth.user",
  "pk": 7,
  "fields": {
    "password": "pbkdf2_sha256$216000$Vt9WFAxpjSyE$nW6zcHd0uYfDqElZJ+RkFpcN3t9RDAPKyWGARyQdUw4=",
    "last_login": "2020-10-08T12:36:25.920Z",
    "is_superuser": false,
    "username": "test",
    "first_name": "Test",
    "last_name": "User",
    "email": "",
    "is_staff": true,
    "is_active": true,
    "date_joined": "2020-10-08T12:33:36Z",
    "groups": [],
    "user_permissions": [
      56,
      44,
      40,
      48,
      4,
      36,
      68,
      8,
      84,
      88,
      80,
      12,
      64,
      32,
      28,
      76,
      92,
      72,
      16,
      20,
      24,
      136,
      140,
      144,
      52,
      108,
      112,
      132,
      116,
      120,
      104,
      128,
      124,
      96,
      100,
      60
    ]
  }
},
{
  "model": "contenttypes.contenttype",
  "pk": 1,
  "fields": {
    "app_label": "battDB",
    "model": "cell"
  }
},
{
  "model": "contenttypes.contenttype",
  "pk": 2,
  "fields": {
    "app_label": "battDB",
    "model": "cellseparator"
  }
},
{
  "model": "contenttypes.contenttype",
  "pk": 3,
  "fields": {
    "app_label": "battDB",
    "model": "equipment"
  }
},
{
  "model": "contenttypes.contenttype",
  "pk": 4,
  "fields": {
    "app_label": "battDB",
    "model": "manufacturer"
  }
},
{
  "model": "contenttypes.contenttype",
  "pk": 5,
  "fields": {
    "app_label": "battDB",
    "model": "signaltype"
  }
},
{
  "model": "contenttypes.contenttype",
  "pk": 6,
  "fields": {
    "app_label": "battDB",
    "model": "testprotocol"
  }
},
{
  "model": "contenttypes.contenttype",
  "pk": 7,
  "fields": {
    "app_label": "battDB",
    "model": "experimentalapparatus"
  }
},
{
  "model": "contenttypes.contenttype",
  "pk": 8,
  "fields": {
    "app_label": "battDB",
    "model": "experiment"
  }
},
{
  "model": "contenttypes.contenttype",
  "pk": 9,
  "fields": {
    "app_label": "battDB",
    "model": "cellbatch"
  }
},
{
  "model": "contenttypes.contenttype",
  "pk": 10,
  "fields": {
    "app_label": "auth",
    "model": "permission"
  }
},
{
  "model": "contenttypes.contenttype",
  "pk": 11,
  "fields": {
    "app_label": "auth",
    "model": "group"
  }
},
{
  "model": "contenttypes.contenttype",
  "pk": 12,
  "fields": {
    "app_label": "auth",
    "model": "user"
  }
},
{
  "model": "contenttypes.contenttype",
  "pk": 13,
  "fields": {
    "app_label": "contenttypes",
    "model": "contenttype"
  }
},
{
  "model": "contenttypes.contenttype",
  "pk": 14,
  "fields": {
    "app_label": "admin",
    "model": "logentry"
  }
},
{
  "model": "contenttypes.contenttype",
  "pk": 15,
  "fields": {
    "app_label": "sessions",
    "model": "session"
  }
},
{
  "model": "contenttypes.contenttype",
  "pk": 16,
  "fields": {
    "app_label": "battDB",
    "model": "equipmenttype"
  }
},
{
  "model": "contenttypes.contenttype",
  "pk": 17,
  "fields": {
    "app_label": "battDB",
    "model": "cellconfig"
  }
},
{
  "model": "contenttypes.contenttype",
  "pk": 18,
  "fields": {
    "app_label": "battDB",
    "model": "experimentresult"
  }
},
{
  "model": "contenttypes.contenttype",
  "pk": 19,
  "fields": {
    "app_label": "battDB",
    "model": "experimentdata"
  }
},
{
  "model": "contenttypes.contenttype",
  "pk": 20,
  "fields": {
    "app_label": "battDB",
    "model": "ec_cycle"
  }
},
{
  "model": "contenttypes.contenttype",
  "pk": 21,
  "fields": {
    "app_label": "battDB",
    "model": "celltype"
  }
},
{
  "model": "contenttypes.contenttype",
  "pk": 22,
  "fields": {
    "app_label": "battDB",
    "model": "datarange"
  }
},
{
  "model": "contenttypes.contenttype",
  "pk": 23,
  "fields": {
    "app_label": "battDB",
    "model": "experimentdatafile"
  }
},
{
  "model": "contenttypes.contenttype",
  "pk": 24,
  "fields": {
    "app_label": "django_plotly_dash",
    "model": "dashapp"
  }
},
{
  "model": "contenttypes.contenttype",
  "pk": 25,
  "fields": {
    "app_label": "django_plotly_dash",
    "model": "statelessapp"
  }
},
{
  "model": "contenttypes.contenttype",
  "pk": 26,
  "fields": {
    "app_label": "dfndb",
    "model": "paper"
  }
},
{
  "model": "contenttypes.contenttype",
  "pk": 27,
  "fields": {
    "app_label": "dfndb",
    "model": "compositionpart"
  }
},
{
  "model": "contenttypes.contenttype",
  "pk": 28,
  "fields": {
    "app_label": "dfndb",
    "model": "compound"
  }
},
{
  "model": "contenttypes.contenttype",
  "pk": 29,
  "fields": {
    "app_label": "dfndb",
    "model": "material"
  }
},
{
  "model": "contenttypes.contenttype",
  "pk": 30,
  "fields": {
    "app_label": "dfndb",
    "model": "method"
  }
},
{
  "model": "contenttypes.contenttype",
  "pk": 31,
  "fields": {
    "app_label": "dfndb",
    "model": "quantityunit"
  }
},
{
  "model": "contenttypes.contenttype",
  "pk": 32,
  "fields": {
    "app_label": "dfndb",
    "model": "parameter"
  }
},
{
  "model": "contenttypes.contenttype",
  "pk": 33,
  "fields": {
    "app_label": "dfndb",
    "model": "data"
  }
},
{
  "model": "contenttypes.contenttype",
  "pk": 34,
  "fields": {
    "app_label": "common",
    "model": "org"
  }
},
{
  "model": "contenttypes.contenttype",
  "pk": 35,
  "fields": {
    "app_label": "common",
    "model": "paper"
  }
},
{
  "model": "contenttypes.contenttype",
  "pk": 36,
  "fields": {
    "app_label": "common",
    "model": "person"
  }
},
{
  "model": "contenttypes.contenttype",
  "pk": 37,
  "fields": {
    "app_label": "battDB",
    "model": "devicetype"
  }
},
{
  "model": "contenttypes.contenttype",
  "pk": 38,
  "fields": {
    "app_label": "battDB",
    "model": "devicebatch"
  }
},
{
  "model": "contenttypes.contenttype",
  "pk": 39,
  "fields": {
    "app_label": "battDB",
    "model": "device"
  }
},
{
  "model": "contenttypes.contenttype",
  "pk": 40,
  "fields": {
    "app_label": "battDB",
    "model": "rawdatafile"
  }
},
{
  "model": "contenttypes.contenttype",
  "pk": 41,
  "fields": {
    "app_label": "battDB",
    "model": "apparatusequipment"
  }
},
{
  "model": "contenttypes.contenttype",
  "pk": 42,
  "fields": {
    "app_label": "common",
    "model": "devicetype"
  }
},
{
  "model": "contenttypes.contenttype",
  "pk": 43,
  "fields": {
    "app_label": "common",
    "model": "device"
  }
},
{
  "model": "contenttypes.contenttype",
  "pk": 44,
  "fields": {
    "app_label": "common",
    "model": "batch"
  }
},
{
  "model": "contenttypes.contenttype",
  "pk": 45,
  "fields": {
    "app_label": "authtoken",
    "model": "token"
  }
},
{
  "model": "contenttypes.contenttype",
  "pk": 46,
  "fields": {
    "app_label": "authtoken",
    "model": "tokenproxy"
  }
},
{
  "model": "contenttypes.contenttype",
  "pk": 47,
  "fields": {
    "app_label": "battDB",
    "model": "batch"
  }
},
{
  "model": "contenttypes.contenttype",
  "pk": 48,
  "fields": {
    "app_label": "dfndb",
    "model": "dataparameter"
  }
},
{
  "model": "contenttypes.contenttype",
  "pk": 49,
  "fields": {
    "app_label": "common",
    "model": "paperauthor"
  }
},
{
  "model": "contenttypes.contenttype",
  "pk": 50,
  "fields": {
    "app_label": "battDB",
    "model": "deviceconfignode"
  }
},
{
  "model": "contenttypes.contenttype",
  "pk": 51,
  "fields": {
    "app_label": "battDB",
    "model": "deviceconfig"
  }
},
{
  "model": "contenttypes.contenttype",
  "pk": 52,
  "fields": {
    "app_label": "common",
    "model": "basemodelwithslug"
  }
},
{
  "model": "contenttypes.contenttype",
  "pk": 53,
  "fields": {
    "app_label": "battDB",
    "model": "moduledevice"
  }
},
{
  "model": "contenttypes.contenttype",
  "pk": 54,
  "fields": {
    "app_label": "battDB",
    "model": "compositedevice"
  }
},
{
  "model": "contenttypes.contenttype",
  "pk": 55,
  "fields": {
    "app_label": "common",
    "model": "thingcomposition"
  }
},
{
  "model": "contenttypes.contenttype",
  "pk": 56,
  "fields": {
    "app_label": "common",
    "model": "thing"
  }
},
{
  "model": "sessions.session",
  "pk": "9n5s8vuiaybs4f16zd2ihvnybnmmowy2",
  "fields": {
    "session_data": ".eJxVjEEOwiAQRe_C2hCo0AGX7j0DYZhBqgaS0q6Md7dNutDte-__twhxXUpYO89hInERWpx-Gcb05LoLesR6bzK1uswTyj2Rh-3y1ohf16P9Oyixl22dCX0yRiftFDuA0TEyD-MZVWZvrQPMoAZvDJDXeiOaHKgMLloEAvH5AuGMN2w:1kQVqO:20Y9Qbxw_AkXrCn32uTJZN1QvCTJsKjEpMWC-SDA4WA",
    "expire_date": "2020-10-22T13:20:28.773Z"
  }
},
{
  "model": "sessions.session",
  "pk": "bjvejex0ig5m2h3m5hr259xggqcz3who",
  "fields": {
    "session_data": "ODkzNGRjMTU3YjY1NTAxMDE2MGU5NGRmNzU3ZWQ1YjYzOGEwMGJjNTp7Il9hdXRoX3VzZXJfaWQiOiIxIiwiX2F1dGhfdXNlcl9iYWNrZW5kIjoiZGphbmdvLmNvbnRyaWIuYXV0aC5iYWNrZW5kcy5Nb2RlbEJhY2tlbmQiLCJfYXV0aF91c2VyX2hhc2giOiI4ZDc3MzRjOGIwMDg0NmM4NGU3Nzg1ZGZiZjc3ZTk4ODBhMWE3OWFiIn0=",
    "expire_date": "2020-09-17T18:02:52.232Z"
  }
},
{
  "model": "sessions.session",
  "pk": "cyyrb7merwtxo7dcsbv0cgqmwccnwh8d",
  "fields": {
    "session_data": ".eJxVjEEOwiAQRe_C2hCo0AGX7j0DYZhBqgaS0q6Md7dNutDte-__twhxXUpYO89hInERWpx-Gcb05LoLesR6bzK1uswTyj2Rh-3y1ohf16P9Oyixl22dCX0yRiftFDuA0TEyD-MZVWZvrQPMoAZvDJDXeiOaHKgMLloEAvH5AuGMN2w:1kQRx2:1XeV7lhO2h-Cmtkg1ptczSM0aWNs1M7WLEN5Tzm-pIU",
    "expire_date": "2020-10-22T09:11:04.359Z"
  }
},
{
  "model": "sessions.session",
  "pk": "ec6pd3vza131tw3s8hdhrtbact9c39od",
  "fields": {
    "session_data": ".eJxVjEEOwiAQRe_C2hCo0AGX7j0DYZhBqgaS0q6Md7dNutDte-__twhxXUpYO89hInERWpx-Gcb05LoLesR6bzK1uswTyj2Rh-3y1ohf16P9Oyixl22dCX0yRiftFDuA0TEyD-MZVWZvrQPMoAZvDJDXeiOaHKgMLloEAvH5AuGMN2w:1kSH0S:YMIC2rs4Cs26Vsvb4iamHDpi6h85vKutEpU3Qhs0MXE",
    "expire_date": "2020-10-27T09:54:08.874Z"
  }
},
{
  "model": "sessions.session",
  "pk": "gt0dz60n04ed1vrqtlexu7jdi7gptr49",
  "fields": {
    "session_data": "YzU3OGZjOTUyOGIwMWRkNTRlNmU5YjdiMDQ2Mzk5ZGQ4ZWFmM2VlMDp7Il9hdXRoX3VzZXJfaWQiOiIzIiwiX2F1dGhfdXNlcl9iYWNrZW5kIjoiZGphbmdvLmNvbnRyaWIuYXV0aC5iYWNrZW5kcy5Nb2RlbEJhY2tlbmQiLCJfYXV0aF91c2VyX2hhc2giOiI4YzIxYTM2MzE3ZDI0ODU0MmMwODViZDc5NGVjYzFkMTRmMGE3NmJkIn0=",
    "expire_date": "2020-08-27T09:56:28.222Z"
  }
},
{
  "model": "sessions.session",
  "pk": "h2aulckzjnz6unc9858uvjsm0l9vkte3",
  "fields": {
    "session_data": "ODkzNGRjMTU3YjY1NTAxMDE2MGU5NGRmNzU3ZWQ1YjYzOGEwMGJjNTp7Il9hdXRoX3VzZXJfaWQiOiIxIiwiX2F1dGhfdXNlcl9iYWNrZW5kIjoiZGphbmdvLmNvbnRyaWIuYXV0aC5iYWNrZW5kcy5Nb2RlbEJhY2tlbmQiLCJfYXV0aF91c2VyX2hhc2giOiI4ZDc3MzRjOGIwMDg0NmM4NGU3Nzg1ZGZiZjc3ZTk4ODBhMWE3OWFiIn0=",
    "expire_date": "2020-08-25T10:09:23.656Z"
  }
},
{
  "model": "sessions.session",
  "pk": "haqcurfqstoy8ys4evb16c4zer8xs1lc",
  "fields": {
    "session_data": ".eJxVjEEOwiAQRe_C2hCo0AGX7j0DYZhBqgaS0q6Md7dNutDte-__twhxXUpYO89hInERWpx-Gcb05LoLesR6bzK1uswTyj2Rh-3y1ohf16P9Oyixl22dCX0yRiftFDuA0TEyD-MZVWZvrQPMoAZvDJDXeiOaHKgMLloEAvH5AuGMN2w:1kQVAL:iSngFIWICRX_JMTDzaTgNLmNR4npexx4OOSyqzT0sBc",
    "expire_date": "2020-10-22T12:37:01.400Z"
  }
},
{
  "model": "sessions.session",
  "pk": "kznm4zgwzhdw2pczzmghrq040i9bcghc",
  "fields": {
    "session_data": "ODkzNGRjMTU3YjY1NTAxMDE2MGU5NGRmNzU3ZWQ1YjYzOGEwMGJjNTp7Il9hdXRoX3VzZXJfaWQiOiIxIiwiX2F1dGhfdXNlcl9iYWNrZW5kIjoiZGphbmdvLmNvbnRyaWIuYXV0aC5iYWNrZW5kcy5Nb2RlbEJhY2tlbmQiLCJfYXV0aF91c2VyX2hhc2giOiI4ZDc3MzRjOGIwMDg0NmM4NGU3Nzg1ZGZiZjc3ZTk4ODBhMWE3OWFiIn0=",
    "expire_date": "2020-08-25T10:09:00.092Z"
  }
},
{
  "model": "sessions.session",
  "pk": "mb8xezkfh12vyv80crcv462o2wfaiydq",
  "fields": {
    "session_data": ".eJxVjEEOwiAQRe_C2hCo0AGX7j0DYZhBqgaS0q6Md7dNutDte-__twhxXUpYO89hInERWpx-Gcb05LoLesR6bzK1uswTyj2Rh-3y1ohf16P9Oyixl22dCX0yRiftFDuA0TEyD-MZVWZvrQPMoAZvDJDXeiOaHKgMLloEAvH5AuGMN2w:1kTtA4:Z6s8v3V8CFqtgrlLW5XlMF_zvKSxJzgktRZ9VxCOm4M",
    "expire_date": "2020-10-31T20:50:44.256Z"
  }
},
{
  "model": "sessions.session",
  "pk": "q9avywvdm0hqnyxnd71cf15khj1f23dk",
  "fields": {
    "session_data": ".eJxVjEEOwiAQRe_C2hCo0AGX7j0DYZhBqgaS0q6Md7dNutDte-__twhxXUpYO89hInERWpx-Gcb05LoLesR6bzK1uswTyj2Rh-3y1ohf16P9Oyixl22dCX0yRiftFDuA0TEyD-MZVWZvrQPMoAZvDJDXeiOaHKgMLloEAvH5AuGMN2w:1kRb9W:KueNOMangHXfaAINnKiYugVGf3zjBpSz8Fg9KXljp5Y",
    "expire_date": "2020-10-25T13:12:42.132Z"
  }
}
]
