[
{
  "model": "admin.logentry",
  "pk": 1,
  "fields": {
    "action_time": "2021-12-15T13:58:16.915Z",
    "user": 1,
    "content_type": 35,
    "object_id": "2",
    "object_repr": "bob",
    "action_flag": 1,
    "change_message": "[{\"added\": {}}]"
  }
},
{
  "model": "admin.logentry",
  "pk": 2,
  "fields": {
    "action_time": "2021-12-15T14:04:26.576Z",
    "user": 1,
    "content_type": 35,
    "object_id": "2",
    "object_repr": "bob",
    "action_flag": 2,
    "change_message": "[{\"changed\": {\"fields\": [\"Groups\"]}}]"
  }
},
{
  "model": "admin.logentry",
  "pk": 3,
  "fields": {
    "action_time": "2021-12-15T14:07:41.573Z",
    "user": 1,
    "content_type": 35,
    "object_id": "2",
    "object_repr": "bob",
    "action_flag": 2,
    "change_message": "[{\"changed\": {\"fields\": [\"Active\"]}}]"
  }
},
{
  "model": "admin.logentry",
  "pk": 4,
  "fields": {
    "action_time": "2021-12-15T15:18:19.597Z",
    "user": 1,
    "content_type": 21,
    "object_id": "1",
    "object_repr": "University of Bath",
    "action_flag": 1,
    "change_message": "[{\"added\": {}}]"
  }
},
{
  "model": "admin.logentry",
  "pk": 5,
  "fields": {
    "action_time": "2021-12-15T15:19:09.993Z",
    "user": 1,
    "content_type": 8,
    "object_id": "1",
    "object_repr": "University of Bath None (3 off) 2021-12-15",
    "action_flag": 1,
    "change_message": "[{\"added\": {}}]"
  }
},
{
  "model": "admin.logentry",
  "pk": 6,
  "fields": {
    "action_time": "2021-12-15T15:20:49.549Z",
    "user": 1,
    "content_type": 14,
    "object_id": "1",
    "object_repr": "dan myexp 2021-12-15",
    "action_flag": 1,
    "change_message": "[{\"added\": {}}, {\"added\": {\"name\": \"experiment device\", \"object\": \"cell_1\"}}, {\"added\": {\"name\": \"experiment device\", \"object\": \"cell_2\"}}]"
  }
},
{
  "model": "admin.logentry",
  "pk": 7,
  "fields": {
    "action_time": "2021-12-16T15:06:30.675Z",
    "user": 1,
    "content_type": 14,
    "object_id": "1",
    "object_repr": "dan myexp 2021-12-15",
    "action_flag": 2,
    "change_message": "[{\"deleted\": {\"name\": \"experiment device\", \"object\": \"cell_1\"}}, {\"deleted\": {\"name\": \"experiment device\", \"object\": \"cell_2\"}}]"
  }
},
{
  "model": "admin.logentry",
  "pk": 8,
  "fields": {
    "action_time": "2021-12-17T10:48:50.033Z",
    "user": 1,
    "content_type": 14,
    "object_id": "7",
    "object_repr": "dan tester2 2021-12-16",
    "action_flag": 3,
    "change_message": ""
  }
},
{
  "model": "admin.logentry",
  "pk": 9,
  "fields": {
    "action_time": "2021-12-17T10:48:50.036Z",
    "user": 1,
    "content_type": 14,
    "object_id": "4",
    "object_repr": "dan tester2 2021-12-16",
    "action_flag": 3,
    "change_message": ""
  }
},
{
  "model": "admin.logentry",
  "pk": 10,
  "fields": {
    "action_time": "2021-12-17T10:48:50.037Z",
    "user": 1,
    "content_type": 14,
    "object_id": "3",
    "object_repr": "dan tester1 2021-12-16",
    "action_flag": 3,
    "change_message": ""
  }
},
{
  "model": "admin.logentry",
  "pk": 11,
  "fields": {
    "action_time": "2021-12-17T10:48:50.038Z",
    "user": 1,
    "content_type": 14,
    "object_id": "1",
    "object_repr": "dan myexp 2021-12-15",
    "action_flag": 3,
    "change_message": ""
  }
},
{
  "model": "admin.logentry",
  "pk": 12,
  "fields": {
    "action_time": "2021-12-17T13:02:41.401Z",
    "user": 1,
    "content_type": 14,
    "object_id": "28",
    "object_repr": "dan None 2021-12-17",
    "action_flag": 3,
    "change_message": ""
  }
},
{
  "model": "admin.logentry",
  "pk": 13,
  "fields": {
    "action_time": "2021-12-17T13:02:41.406Z",
    "user": 1,
    "content_type": 14,
    "object_id": "27",
    "object_repr": "dan None 2021-12-17",
    "action_flag": 3,
    "change_message": ""
  }
},
{
  "model": "admin.logentry",
  "pk": 14,
  "fields": {
    "action_time": "2021-12-17T13:02:41.407Z",
    "user": 1,
    "content_type": 14,
    "object_id": "26",
    "object_repr": "dan None 2021-12-17",
    "action_flag": 3,
    "change_message": ""
  }
},
{
  "model": "admin.logentry",
  "pk": 15,
  "fields": {
    "action_time": "2021-12-17T13:02:41.408Z",
    "user": 1,
    "content_type": 14,
    "object_id": "25",
    "object_repr": "dan None 2021-12-17",
    "action_flag": 3,
    "change_message": ""
  }
},
{
  "model": "admin.logentry",
  "pk": 16,
  "fields": {
    "action_time": "2021-12-17T13:02:41.409Z",
    "user": 1,
    "content_type": 14,
    "object_id": "24",
    "object_repr": "dan f 2021-12-17",
    "action_flag": 3,
    "change_message": ""
  }
},
{
  "model": "admin.logentry",
  "pk": 17,
  "fields": {
    "action_time": "2021-12-17T13:02:41.409Z",
    "user": 1,
    "content_type": 14,
    "object_id": "23",
    "object_repr": "dan None 2021-12-17",
    "action_flag": 3,
    "change_message": ""
  }
},
{
  "model": "admin.logentry",
  "pk": 18,
  "fields": {
    "action_time": "2021-12-17T13:02:41.410Z",
    "user": 1,
    "content_type": 14,
    "object_id": "22",
    "object_repr": "dan tetetet 2021-12-17",
    "action_flag": 3,
    "change_message": ""
  }
},
{
  "model": "admin.logentry",
  "pk": 19,
  "fields": {
    "action_time": "2021-12-17T13:02:41.411Z",
    "user": 1,
    "content_type": 14,
    "object_id": "21",
    "object_repr": "dan tetetet 2021-12-17",
    "action_flag": 3,
    "change_message": ""
  }
},
{
  "model": "admin.logentry",
  "pk": 20,
  "fields": {
    "action_time": "2021-12-17T13:02:41.412Z",
    "user": 1,
    "content_type": 14,
    "object_id": "20",
    "object_repr": "dan None 2021-12-17",
    "action_flag": 3,
    "change_message": ""
  }
},
{
  "model": "admin.logentry",
  "pk": 21,
  "fields": {
    "action_time": "2021-12-17T13:02:41.412Z",
    "user": 1,
    "content_type": 14,
    "object_id": "19",
    "object_repr": "dan None 2021-12-17",
    "action_flag": 3,
    "change_message": ""
  }
},
{
  "model": "admin.logentry",
  "pk": 22,
  "fields": {
    "action_time": "2021-12-17T13:02:41.413Z",
    "user": 1,
    "content_type": 14,
    "object_id": "18",
    "object_repr": "dan None 2021-12-17",
    "action_flag": 3,
    "change_message": ""
  }
},
{
  "model": "admin.logentry",
  "pk": 23,
  "fields": {
    "action_time": "2021-12-17T13:02:41.414Z",
    "user": 1,
    "content_type": 14,
    "object_id": "17",
    "object_repr": "dan testerrr 2021-12-17",
    "action_flag": 3,
    "change_message": ""
  }
},
{
  "model": "admin.logentry",
  "pk": 24,
  "fields": {
    "action_time": "2021-12-17T13:02:41.415Z",
    "user": 1,
    "content_type": 14,
    "object_id": "16",
    "object_repr": "dan gdgdg 2021-12-17",
    "action_flag": 3,
    "change_message": ""
  }
},
{
  "model": "admin.logentry",
  "pk": 25,
  "fields": {
    "action_time": "2021-12-17T13:02:41.415Z",
    "user": 1,
    "content_type": 14,
    "object_id": "15",
    "object_repr": "dan test005 2021-12-17",
    "action_flag": 3,
    "change_message": ""
  }
},
{
  "model": "admin.logentry",
  "pk": 26,
  "fields": {
    "action_time": "2021-12-17T13:02:41.416Z",
    "user": 1,
    "content_type": 14,
    "object_id": "14",
    "object_repr": "dan None 2021-12-17",
    "action_flag": 3,
    "change_message": ""
  }
},
{
  "model": "admin.logentry",
  "pk": 27,
  "fields": {
    "action_time": "2021-12-17T13:02:41.417Z",
    "user": 1,
    "content_type": 14,
    "object_id": "13",
    "object_repr": "dan tester 2021-12-17",
    "action_flag": 3,
    "change_message": ""
  }
},
{
  "model": "admin.logentry",
  "pk": 28,
  "fields": {
    "action_time": "2021-12-17T13:02:41.418Z",
    "user": 1,
    "content_type": 14,
    "object_id": "12",
    "object_repr": "dan tester 2021-12-17",
    "action_flag": 3,
    "change_message": ""
  }
},
{
  "model": "admin.logentry",
  "pk": 29,
  "fields": {
    "action_time": "2021-12-17T13:02:41.419Z",
    "user": 1,
    "content_type": 14,
    "object_id": "11",
    "object_repr": "dan bdtdgd 2021-12-17",
    "action_flag": 3,
    "change_message": ""
  }
},
{
  "model": "admin.logentry",
  "pk": 30,
  "fields": {
    "action_time": "2021-12-17T13:02:41.419Z",
    "user": 1,
    "content_type": 14,
    "object_id": "10",
    "object_repr": "dan ttt 2021-12-17",
    "action_flag": 3,
    "change_message": ""
  }
},
{
  "model": "admin.logentry",
  "pk": 31,
  "fields": {
    "action_time": "2021-12-17T13:02:41.420Z",
    "user": 1,
    "content_type": 14,
    "object_id": "9",
    "object_repr": "dan tester22 2021-12-17",
    "action_flag": 3,
    "change_message": ""
  }
},
{
  "model": "admin.logentry",
  "pk": 32,
  "fields": {
    "action_time": "2021-12-17T13:02:41.421Z",
    "user": 1,
    "content_type": 14,
    "object_id": "8",
    "object_repr": "dan tester22 2021-12-17",
    "action_flag": 3,
    "change_message": ""
  }
},
{
  "model": "admin.logentry",
  "pk": 33,
  "fields": {
    "action_time": "2022-01-05T10:48:02.168Z",
    "user": 1,
    "content_type": 35,
    "object_id": "2",
    "object_repr": "bob",
    "action_flag": 2,
    "change_message": "[{\"changed\": {\"fields\": [\"Groups\"]}}]"
  }
},
{
  "model": "admin.logentry",
  "pk": 34,
  "fields": {
    "action_time": "2022-01-05T12:57:57.489Z",
    "user": 1,
    "content_type": 35,
    "object_id": "1",
    "object_repr": "dan",
    "action_flag": 2,
    "change_message": "[{\"changed\": {\"fields\": [\"Institution\"]}}]"
  }
},
{
  "model": "admin.logentry",
  "pk": 35,
  "fields": {
    "action_time": "2022-01-05T12:58:21.138Z",
    "user": 1,
    "content_type": 21,
    "object_id": "2",
    "object_repr": "University of Nottingham",
    "action_flag": 1,
    "change_message": "[{\"added\": {}}]"
  }
},
{
  "model": "admin.logentry",
  "pk": 36,
  "fields": {
    "action_time": "2022-01-05T12:58:23.990Z",
    "user": 1,
    "content_type": 35,
    "object_id": "2",
    "object_repr": "bob",
    "action_flag": 2,
    "change_message": "[{\"changed\": {\"fields\": [\"Institution\"]}}]"
  }
},
{
  "model": "admin.logentry",
  "pk": 37,
  "fields": {
    "action_time": "2022-01-06T09:46:17.518Z",
    "user": 1,
    "content_type": 6,
    "object_id": "3",
    "object_repr": "NMC-112",
    "action_flag": 2,
    "change_message": "[{\"changed\": {\"fields\": [\"Status\"]}}]"
  }
},
{
  "model": "admin.logentry",
  "pk": 38,
  "fields": {
    "action_time": "2022-01-06T09:46:25.459Z",
    "user": 1,
    "content_type": 6,
    "object_id": "2",
    "object_repr": "Single cell",
    "action_flag": 2,
    "change_message": "[{\"changed\": {\"fields\": [\"Status\"]}}]"
  }
},
{
  "model": "admin.logentry",
  "pk": 39,
  "fields": {
    "action_time": "2022-01-06T11:21:45.776Z",
    "user": 1,
    "content_type": 14,
    "object_id": "31",
    "object_repr": "dan None 2021-12-17",
    "action_flag": 3,
    "change_message": ""
  }
},
{
  "model": "admin.logentry",
  "pk": 40,
  "fields": {
    "action_time": "2022-01-06T11:21:45.780Z",
    "user": 1,
    "content_type": 14,
    "object_id": "30",
    "object_repr": "dan None 2021-12-17",
    "action_flag": 3,
    "change_message": ""
  }
},
{
  "model": "admin.logentry",
  "pk": 41,
  "fields": {
    "action_time": "2022-01-06T11:21:45.781Z",
    "user": 1,
    "content_type": 14,
    "object_id": "29",
    "object_repr": "dan None 2021-12-17",
    "action_flag": 3,
    "change_message": ""
  }
},
{
  "model": "admin.logentry",
  "pk": 42,
  "fields": {
    "action_time": "2022-01-06T11:23:31.901Z",
    "user": 1,
    "content_type": 8,
    "object_id": "1",
    "object_repr": "University of Bath NMC-112 (3 off) 2021-12-15",
    "action_flag": 2,
    "change_message": "[{\"changed\": {\"fields\": [\"Specification\"]}}]"
  }
},
{
  "model": "admin.logentry",
  "pk": 43,
  "fields": {
    "action_time": "2022-01-06T11:40:18.018Z",
    "user": 1,
    "content_type": 8,
    "object_id": "2",
    "object_repr": "University of Bath None (1 of) 2022-01-04",
    "action_flag": 3,
    "change_message": ""
  }
},
{
  "model": "admin.logentry",
  "pk": 44,
  "fields": {
    "action_time": "2022-01-06T11:40:35.478Z",
    "user": 1,
    "content_type": 6,
    "object_id": "1",
    "object_repr": "None",
    "action_flag": 3,
    "change_message": ""
  }
},
{
  "model": "admin.logentry",
  "pk": 45,
  "fields": {
    "action_time": "2022-01-06T11:43:20.379Z",
    "user": 1,
    "content_type": 8,
    "object_id": "3",
    "object_repr": "University of Bath None (2 of) 2022-01-05",
    "action_flag": 3,
    "change_message": ""
  }
},
{
  "model": "admin.logentry",
  "pk": 46,
  "fields": {
    "action_time": "2022-01-06T11:44:38.559Z",
    "user": 1,
    "content_type": 21,
    "object_id": "3",
    "object_repr": "Samsung",
    "action_flag": 1,
    "change_message": "[{\"added\": {}}]"
  }
},
{
  "model": "admin.logentry",
  "pk": 47,
  "fields": {
    "action_time": "2022-01-06T11:46:24.315Z",
    "user": 1,
    "content_type": 14,
    "object_id": "32",
    "object_repr": "dan My lovely experiment 2022-01-04",
    "action_flag": 3,
    "change_message": ""
  }
},
{
  "model": "admin.logentry",
  "pk": 48,
  "fields": {
    "action_time": "2022-01-06T11:47:07.186Z",
    "user": 1,
    "content_type": 10,
    "object_id": "1",
    "object_repr": "Single cell",
    "action_flag": 1,
    "change_message": "[{\"added\": {}}]"
  }
},
{
  "model": "admin.logentry",
  "pk": 49,
  "fields": {
    "action_time": "2022-01-06T11:47:14.596Z",
    "user": 1,
    "content_type": 14,
    "object_id": "34",
    "object_repr": "bob bob's second experiment 2022-01-05",
    "action_flag": 2,
    "change_message": "[{\"changed\": {\"fields\": [\"Name\", \"Config\"]}}, {\"added\": {\"name\": \"experiment device\", \"object\": \"cell_xx\"}}]"
  }
},
{
  "model": "admin.logentry",
  "pk": 50,
  "fields": {
    "action_time": "2022-01-06T11:47:20.229Z",
    "user": 1,
    "content_type": 14,
    "object_id": "33",
    "object_repr": "bob bob's experiment 2022-01-05",
    "action_flag": 2,
    "change_message": "[{\"changed\": {\"fields\": [\"Config\"]}}]"
  }
},
{
  "model": "admin.logentry",
  "pk": 51,
  "fields": {
    "action_time": "2022-01-06T11:48:06.121Z",
    "user": 1,
    "content_type": 6,
    "object_id": "2",
    "object_repr": "Cell",
    "action_flag": 2,
    "change_message": "[{\"changed\": {\"fields\": [\"Name\"]}}]"
  }
},
{
  "model": "admin.logentry",
  "pk": 52,
  "fields": {
    "action_time": "2022-01-06T11:48:51.890Z",
    "user": 1,
    "content_type": 14,
    "object_id": "34",
    "object_repr": "bob bob's second experiment 2022-01-05",
    "action_flag": 2,
    "change_message": "[{\"changed\": {\"name\": \"experiment device\", \"object\": \"cell_1\", \"fields\": [\"Device position\"]}}]"
  }
},
{
  "model": "admin.logentry",
  "pk": 53,
  "fields": {
    "action_time": "2022-01-06T11:49:28.732Z",
    "user": 1,
    "content_type": 14,
    "object_id": "33",
    "object_repr": "bob bob's experiment 2022-01-05",
    "action_flag": 2,
    "change_message": "[{\"changed\": {\"name\": \"experiment device\", \"object\": \"cell_1\", \"fields\": [\"Batch sequence\"]}}]"
  }
},
{
  "model": "admin.logentry",
  "pk": 54,
  "fields": {
    "action_time": "2022-01-06T11:50:09.221Z",
    "user": 1,
    "content_type": 14,
    "object_id": "35",
    "object_repr": "dan LFP cycling experiment 1 2022-01-06",
    "action_flag": 1,
    "change_message": "[{\"added\": {}}, {\"added\": {\"name\": \"experiment device\", \"object\": \"cell_1\"}}]"
  }
},
{
  "model": "admin.logentry",
  "pk": 55,
  "fields": {
    "action_time": "2022-01-06T11:50:56.961Z",
    "user": 1,
    "content_type": 14,
    "object_id": "36",
    "object_repr": "dan LFP cycling experiment 2 2022-01-06",
    "action_flag": 1,
    "change_message": "[{\"added\": {}}, {\"added\": {\"name\": \"experiment device\", \"object\": \"cell_1\"}}]"
  }
},
{
  "model": "admin.logentry",
  "pk": 56,
  "fields": {
    "action_time": "2022-01-06T11:54:18.897Z",
    "user": 1,
    "content_type": 13,
    "object_id": "33",
    "object_repr": "None",
    "action_flag": 3,
    "change_message": ""
  }
},
{
  "model": "admin.logentry",
  "pk": 57,
  "fields": {
    "action_time": "2022-01-06T11:54:18.907Z",
    "user": 1,
    "content_type": 13,
    "object_id": "32",
    "object_repr": "None",
    "action_flag": 3,
    "change_message": ""
  }
},
{
  "model": "admin.logentry",
  "pk": 58,
  "fields": {
    "action_time": "2022-01-06T11:54:18.908Z",
    "user": 1,
    "content_type": 13,
    "object_id": "31",
    "object_repr": "None",
    "action_flag": 3,
    "change_message": ""
  }
},
{
  "model": "admin.logentry",
  "pk": 59,
  "fields": {
    "action_time": "2022-01-06T11:54:18.909Z",
    "user": 1,
    "content_type": 13,
    "object_id": "30",
    "object_repr": "None",
    "action_flag": 3,
    "change_message": ""
  }
},
{
  "model": "admin.logentry",
  "pk": 60,
  "fields": {
    "action_time": "2022-01-06T11:54:18.910Z",
    "user": 1,
    "content_type": 13,
    "object_id": "29",
    "object_repr": "None",
    "action_flag": 3,
    "change_message": ""
  }
},
{
  "model": "admin.logentry",
  "pk": 61,
  "fields": {
    "action_time": "2022-01-06T11:54:18.911Z",
    "user": 1,
    "content_type": 13,
    "object_id": "28",
    "object_repr": "None",
    "action_flag": 3,
    "change_message": ""
  }
},
{
  "model": "admin.logentry",
  "pk": 62,
  "fields": {
    "action_time": "2022-01-06T11:54:18.912Z",
    "user": 1,
    "content_type": 13,
    "object_id": "27",
    "object_repr": "None",
    "action_flag": 3,
    "change_message": ""
  }
},
{
  "model": "admin.logentry",
  "pk": 63,
  "fields": {
    "action_time": "2022-01-06T11:54:18.912Z",
    "user": 1,
    "content_type": 13,
    "object_id": "26",
    "object_repr": "None",
    "action_flag": 3,
    "change_message": ""
  }
},
{
  "model": "admin.logentry",
  "pk": 64,
  "fields": {
    "action_time": "2022-01-06T11:54:18.913Z",
    "user": 1,
    "content_type": 13,
    "object_id": "25",
    "object_repr": "None",
    "action_flag": 3,
    "change_message": ""
  }
},
{
  "model": "admin.logentry",
  "pk": 65,
  "fields": {
    "action_time": "2022-01-06T11:54:18.914Z",
    "user": 1,
    "content_type": 13,
    "object_id": "24",
    "object_repr": "None",
    "action_flag": 3,
    "change_message": ""
  }
},
{
  "model": "admin.logentry",
  "pk": 66,
  "fields": {
    "action_time": "2022-01-06T11:54:18.915Z",
    "user": 1,
    "content_type": 13,
    "object_id": "23",
    "object_repr": "cycler",
    "action_flag": 3,
    "change_message": ""
  }
},
{
  "model": "admin.logentry",
  "pk": 67,
  "fields": {
    "action_time": "2022-01-06T11:54:18.915Z",
    "user": 1,
    "content_type": 13,
    "object_id": "22",
    "object_repr": "cycler",
    "action_flag": 3,
    "change_message": ""
  }
},
{
  "model": "admin.logentry",
  "pk": 68,
  "fields": {
    "action_time": "2022-01-06T11:54:18.916Z",
    "user": 1,
    "content_type": 13,
    "object_id": "21",
    "object_repr": "cycler",
    "action_flag": 3,
    "change_message": ""
  }
},
{
  "model": "admin.logentry",
  "pk": 69,
  "fields": {
    "action_time": "2022-01-06T11:54:18.917Z",
    "user": 1,
    "content_type": 13,
    "object_id": "20",
    "object_repr": "cycler",
    "action_flag": 3,
    "change_message": ""
  }
},
{
  "model": "admin.logentry",
  "pk": 70,
  "fields": {
    "action_time": "2022-01-06T11:54:18.918Z",
    "user": 1,
    "content_type": 13,
    "object_id": "19",
    "object_repr": "cycler",
    "action_flag": 3,
    "change_message": ""
  }
},
{
  "model": "admin.logentry",
  "pk": 71,
  "fields": {
    "action_time": "2022-01-06T11:54:18.918Z",
    "user": 1,
    "content_type": 13,
    "object_id": "18",
    "object_repr": "cycler",
    "action_flag": 3,
    "change_message": ""
  }
},
{
  "model": "admin.logentry",
  "pk": 72,
  "fields": {
    "action_time": "2022-01-06T11:54:18.919Z",
    "user": 1,
    "content_type": 13,
    "object_id": "17",
    "object_repr": "cycler",
    "action_flag": 3,
    "change_message": ""
  }
},
{
  "model": "admin.logentry",
  "pk": 73,
  "fields": {
    "action_time": "2022-01-06T11:54:18.920Z",
    "user": 1,
    "content_type": 13,
    "object_id": "16",
    "object_repr": "cycler",
    "action_flag": 3,
    "change_message": ""
  }
},
{
  "model": "admin.logentry",
  "pk": 74,
  "fields": {
    "action_time": "2022-01-06T11:54:18.921Z",
    "user": 1,
    "content_type": 13,
    "object_id": "15",
    "object_repr": "cycler",
    "action_flag": 3,
    "change_message": ""
  }
},
{
  "model": "admin.logentry",
  "pk": 75,
  "fields": {
    "action_time": "2022-01-06T11:54:18.921Z",
    "user": 1,
    "content_type": 13,
    "object_id": "14",
    "object_repr": "cycler",
    "action_flag": 3,
    "change_message": ""
  }
},
{
  "model": "admin.logentry",
  "pk": 76,
  "fields": {
    "action_time": "2022-01-06T11:54:18.922Z",
    "user": 1,
    "content_type": 13,
    "object_id": "13",
    "object_repr": "cycler",
    "action_flag": 3,
    "change_message": ""
  }
},
{
  "model": "admin.logentry",
  "pk": 77,
  "fields": {
    "action_time": "2022-01-06T11:54:18.923Z",
    "user": 1,
    "content_type": 13,
    "object_id": "12",
    "object_repr": "cycler",
    "action_flag": 3,
    "change_message": ""
  }
},
{
  "model": "admin.logentry",
  "pk": 78,
  "fields": {
    "action_time": "2022-01-06T11:54:18.924Z",
    "user": 1,
    "content_type": 13,
    "object_id": "11",
    "object_repr": "cycler",
    "action_flag": 3,
    "change_message": ""
  }
},
{
  "model": "admin.logentry",
  "pk": 79,
  "fields": {
    "action_time": "2022-01-06T11:54:18.924Z",
    "user": 1,
    "content_type": 13,
    "object_id": "10",
    "object_repr": "cycler",
    "action_flag": 3,
    "change_message": ""
  }
},
{
  "model": "admin.logentry",
  "pk": 80,
  "fields": {
    "action_time": "2022-01-06T11:54:18.925Z",
    "user": 1,
    "content_type": 13,
    "object_id": "9",
    "object_repr": "cycler",
    "action_flag": 3,
    "change_message": ""
  }
},
{
  "model": "admin.logentry",
  "pk": 81,
  "fields": {
    "action_time": "2022-01-06T11:54:18.926Z",
    "user": 1,
    "content_type": 13,
    "object_id": "8",
    "object_repr": "cycler",
    "action_flag": 3,
    "change_message": ""
  }
},
{
  "model": "admin.logentry",
  "pk": 82,
  "fields": {
    "action_time": "2022-01-06T11:54:18.927Z",
    "user": 1,
    "content_type": 13,
    "object_id": "7",
    "object_repr": "cycler",
    "action_flag": 3,
    "change_message": ""
  }
},
{
  "model": "admin.logentry",
  "pk": 83,
  "fields": {
    "action_time": "2022-01-06T11:54:18.927Z",
    "user": 1,
    "content_type": 13,
    "object_id": "6",
    "object_repr": "cycler",
    "action_flag": 3,
    "change_message": ""
  }
},
{
  "model": "admin.logentry",
  "pk": 84,
  "fields": {
    "action_time": "2022-01-06T11:54:56.312Z",
    "user": 1,
    "content_type": 12,
    "object_id": "1",
    "object_repr": "Standard biologic",
    "action_flag": 1,
    "change_message": "[{\"added\": {}}]"
  }
},
{
  "model": "admin.logentry",
  "pk": 85,
  "fields": {
    "action_time": "2022-01-06T11:55:00.711Z",
    "user": 1,
    "content_type": 13,
    "object_id": "3",
    "object_repr": "Biologic cycler",
    "action_flag": 2,
    "change_message": "[{\"changed\": {\"fields\": [\"Name\", \"Default parser\"]}}]"
  }
},
{
  "model": "admin.logentry",
  "pk": 86,
  "fields": {
    "action_time": "2022-01-06T11:55:35.553Z",
    "user": 1,
    "content_type": 12,
    "object_id": "2",
    "object_repr": "Standard Maccor",
    "action_flag": 1,
    "change_message": "[{\"added\": {}}]"
  }
},
{
  "model": "admin.logentry",
  "pk": 87,
  "fields": {
    "action_time": "2022-01-06T11:55:38.293Z",
    "user": 1,
    "content_type": 13,
    "object_id": "4",
    "object_repr": "Macorr cycler",
    "action_flag": 2,
    "change_message": "[{\"changed\": {\"fields\": [\"Name\", \"Status\", \"Default parser\"]}}]"
  }
},
{
  "model": "admin.logentry",
  "pk": 88,
  "fields": {
    "action_time": "2022-01-06T11:56:02.950Z",
    "user": 1,
    "content_type": 12,
    "object_id": "3",
    "object_repr": "Standard dummy",
    "action_flag": 1,
    "change_message": "[{\"added\": {}}]"
  }
},
{
  "model": "admin.logentry",
  "pk": 89,
  "fields": {
    "action_time": "2022-01-06T11:56:04.142Z",
    "user": 1,
    "content_type": 13,
    "object_id": "5",
    "object_repr": "dummy cycler",
    "action_flag": 2,
    "change_message": "[{\"changed\": {\"fields\": [\"Name\", \"Default parser\"]}}]"
  }
},
{
  "model": "admin.logentry",
  "pk": 90,
  "fields": {
    "action_time": "2022-01-06T12:54:57.153Z",
    "user": 1,
    "content_type": 13,
    "object_id": "34",
    "object_repr": "Bob's cycler",
    "action_flag": 2,
    "change_message": "[{\"changed\": {\"fields\": [\"User owner\"]}}]"
  }
},
{
  "model": "auth.group",
  "pk": 1,
  "fields": {
    "name": "User manager",
    "permissions": [
      137,
      138,
      139,
      140
    ]
  }
},
{
  "model": "auth.group",
  "pk": 2,
  "fields": {
    "name": "Maintainer",
    "permissions": [
      29,
      30,
      31,
      32,
      69,
      70,
      71,
      72,
      73,
      74,
      75,
      76,
      33,
      34,
      35,
      36,
      37,
      38,
      39,
      40,
      41,
      42,
      43,
      44,
      25,
      26,
      27,
      28,
      21,
      22,
      23,
      24,
      49,
      50,
      51,
      52,
      53,
      54,
      55,
      56,
      57,
      58,
      59,
      60,
      65,
      66,
      67,
      68,
      45,
      46,
      47,
      48,
      77,
      78,
      79,
      80,
      61,
      62,
      63,
      64,
      81,
      82,
      83,
      84,
      85,
      86,
      87,
      88,
      89,
      90,
      91,
      92,
      105,
      106,
      107,
      108,
      97,
      98,
      99,
      100,
      121,
      122,
      123,
      124,
      125,
      126,
      127,
      128,
      101,
      102,
      103,
      104,
      109,
      110,
      111,
      112,
      117,
      118,
      119,
      120,
      113,
      114,
      115,
      116
    ]
  }
},
{
  "model": "auth.group",
  "pk": 3,
  "fields": {
    "name": "Contributor",
    "permissions": [
      29,
      69,
      73,
      33,
      37,
      41,
      25,
      21,
      49,
      53,
      57,
      65,
      45,
      77,
      61,
      81,
      85,
      89,
      105,
      97,
      121,
      125,
      101,
      109,
      117,
      113
    ]
  }
},
{
  "model": "auth.group",
  "pk": 4,
  "fields": {
    "name": "Read only",
    "permissions": []
  }
},
{
  "model": "sessions.session",
  "pk": "0h2ldrxwkd4cl9wmhmho8kxegpg7ld7z",
  "fields": {
    "session_data": ".eJxVjMEOwiAQRP-FsyFgYQsevfsNZGEXqRpISnsy_rtt0oMeZ96beYuA61LC2nkOE4mL0OL020VMT647oAfWe5Op1WWeotwVedAub434dT3cv4OCvWzrrLKyyY2gESyNZ7AGcjKDy6Bo4MFEZyI5BRY06YTOR7YMW1Ye2aP4fAHOazd_:1n58F1:J4tT827fjBrxZq5PfZZMnnylfyvvdO42jAllUukiF3Q",
    "expire_date": "2022-01-19T15:30:19.563Z"
  }
},
{
  "model": "sessions.session",
  "pk": "imihdsrq5p1s9o7zlqbkobar114npia5",
  "fields": {
    "session_data": ".eJxVjMEOwiAQRP-FsyFgYQsevfsNZGEXqRpISnsy_rtt0oMeZ96beYuA61LC2nkOE4mL0OL020VMT647oAfWe5Op1WWeotwVedAub434dT3cv4OCvWzrrLKyyY2gESyNZ7AGcjKDy6Bo4MFEZyI5BRY06YTOR7YMW1Ye2aP4fAHOazd_:1n5SL5:9zypfzDXFAnQCcFrP3blrc2dGoklJs39XFQ3bnkYxJQ",
    "expire_date": "2022-01-20T12:57:55.884Z"
  }
},
{
  "model": "sessions.session",
  "pk": "x7e8jlxt8lqi73r7tizqljsuyjkxwtf7",
  "fields": {
    "session_data": ".eJxVjMEOwiAQRP-FsyFgYQsevfsNZGEXqRpISnsy_rtt0oMeZ96beYuA61LC2nkOE4mL0OL020VMT647oAfWe5Op1WWeotwVedAub434dT3cv4OCvWzrrLKyyY2gESyNZ7AGcjKDy6Bo4MFEZyI5BRY06YTOR7YMW1Ye2aP4fAHOazd_:1mxVbc:lzcCaaksKDYm5eMEfKtZ9y5QCX07OUmKEN_ZlBtyUW4",
    "expire_date": "2021-12-29T14:50:08.634Z"
  }
},
{
  "model": "guardian.userobjectpermission",
  "pk": 1,
  "fields": {
    "permission": 30,
    "content_type": 8,
    "object_pk": "1",
    "user": 1
  }
},
{
  "model": "guardian.userobjectpermission",
  "pk": 2,
  "fields": {
    "permission": 32,
    "content_type": 8,
    "object_pk": "1",
    "user": 1
  }
},
{
  "model": "guardian.userobjectpermission",
  "pk": 3,
  "fields": {
    "permission": 34,
    "content_type": 9,
    "object_pk": "1",
    "user": 1
  }
},
{
  "model": "guardian.userobjectpermission",
  "pk": 4,
  "fields": {
    "permission": 36,
    "content_type": 9,
    "object_pk": "1",
    "user": 1
  }
},
{
  "model": "guardian.userobjectpermission",
  "pk": 5,
  "fields": {
    "permission": 34,
    "content_type": 9,
    "object_pk": "2",
    "user": 1
  }
},
{
  "model": "guardian.userobjectpermission",
  "pk": 6,
  "fields": {
    "permission": 36,
    "content_type": 9,
    "object_pk": "2",
    "user": 1
  }
},
{
  "model": "guardian.userobjectpermission",
  "pk": 7,
  "fields": {
    "permission": 54,
    "content_type": 14,
    "object_pk": "1",
    "user": 1
  }
},
{
  "model": "guardian.userobjectpermission",
  "pk": 8,
  "fields": {
    "permission": 56,
    "content_type": 14,
    "object_pk": "1",
    "user": 1
  }
},
{
  "model": "guardian.userobjectpermission",
  "pk": 9,
  "fields": {
    "permission": 66,
    "content_type": 17,
    "object_pk": "1",
    "user": 1
  }
},
{
  "model": "guardian.userobjectpermission",
  "pk": 10,
  "fields": {
    "permission": 68,
    "content_type": 17,
    "object_pk": "1",
    "user": 1
  }
},
{
  "model": "guardian.userobjectpermission",
  "pk": 11,
  "fields": {
    "permission": 66,
    "content_type": 17,
    "object_pk": "2",
    "user": 1
  }
},
{
  "model": "guardian.userobjectpermission",
  "pk": 12,
  "fields": {
    "permission": 68,
    "content_type": 17,
    "object_pk": "2",
    "user": 1
  }
},
{
  "model": "guardian.userobjectpermission",
  "pk": 15,
  "fields": {
    "permission": 54,
    "content_type": 14,
    "object_pk": "3",
    "user": 1
  }
},
{
  "model": "guardian.userobjectpermission",
  "pk": 16,
  "fields": {
    "permission": 56,
    "content_type": 14,
    "object_pk": "3",
    "user": 1
  }
},
{
  "model": "guardian.userobjectpermission",
  "pk": 17,
  "fields": {
    "permission": 66,
    "content_type": 17,
    "object_pk": "3",
    "user": 1
  }
},
{
  "model": "guardian.userobjectpermission",
  "pk": 18,
  "fields": {
    "permission": 68,
    "content_type": 17,
    "object_pk": "3",
    "user": 1
  }
},
{
  "model": "guardian.userobjectpermission",
  "pk": 19,
  "fields": {
    "permission": 54,
    "content_type": 14,
    "object_pk": "4",
    "user": 1
  }
},
{
  "model": "guardian.userobjectpermission",
  "pk": 20,
  "fields": {
    "permission": 56,
    "content_type": 14,
    "object_pk": "4",
    "user": 1
  }
},
{
  "model": "guardian.userobjectpermission",
  "pk": 21,
  "fields": {
    "permission": 66,
    "content_type": 17,
    "object_pk": "4",
    "user": 1
  }
},
{
  "model": "guardian.userobjectpermission",
  "pk": 22,
  "fields": {
    "permission": 68,
    "content_type": 17,
    "object_pk": "4",
    "user": 1
  }
},
{
  "model": "guardian.userobjectpermission",
  "pk": 27,
  "fields": {
    "permission": 54,
    "content_type": 14,
    "object_pk": "7",
    "user": 1
  }
},
{
  "model": "guardian.userobjectpermission",
  "pk": 28,
  "fields": {
    "permission": 56,
    "content_type": 14,
    "object_pk": "7",
    "user": 1
  }
},
{
  "model": "guardian.userobjectpermission",
  "pk": 29,
  "fields": {
    "permission": 66,
    "content_type": 17,
    "object_pk": "5",
    "user": 1
  }
},
{
  "model": "guardian.userobjectpermission",
  "pk": 30,
  "fields": {
    "permission": 68,
    "content_type": 17,
    "object_pk": "5",
    "user": 1
  }
},
{
  "model": "guardian.userobjectpermission",
  "pk": 31,
  "fields": {
    "permission": 66,
    "content_type": 17,
    "object_pk": "6",
    "user": 1
  }
},
{
  "model": "guardian.userobjectpermission",
  "pk": 32,
  "fields": {
    "permission": 68,
    "content_type": 17,
    "object_pk": "6",
    "user": 1
  }
},
{
  "model": "guardian.userobjectpermission",
  "pk": 33,
  "fields": {
    "permission": 54,
    "content_type": 14,
    "object_pk": "8",
    "user": 1
  }
},
{
  "model": "guardian.userobjectpermission",
  "pk": 34,
  "fields": {
    "permission": 56,
    "content_type": 14,
    "object_pk": "8",
    "user": 1
  }
},
{
  "model": "guardian.userobjectpermission",
  "pk": 35,
  "fields": {
    "permission": 66,
    "content_type": 17,
    "object_pk": "7",
    "user": 1
  }
},
{
  "model": "guardian.userobjectpermission",
  "pk": 36,
  "fields": {
    "permission": 68,
    "content_type": 17,
    "object_pk": "7",
    "user": 1
  }
},
{
  "model": "guardian.userobjectpermission",
  "pk": 37,
  "fields": {
    "permission": 54,
    "content_type": 14,
    "object_pk": "9",
    "user": 1
  }
},
{
  "model": "guardian.userobjectpermission",
  "pk": 38,
  "fields": {
    "permission": 56,
    "content_type": 14,
    "object_pk": "9",
    "user": 1
  }
},
{
  "model": "guardian.userobjectpermission",
  "pk": 39,
  "fields": {
    "permission": 66,
    "content_type": 17,
    "object_pk": "8",
    "user": 1
  }
},
{
  "model": "guardian.userobjectpermission",
  "pk": 40,
  "fields": {
    "permission": 68,
    "content_type": 17,
    "object_pk": "8",
    "user": 1
  }
},
{
  "model": "guardian.userobjectpermission",
  "pk": 41,
  "fields": {
    "permission": 54,
    "content_type": 14,
    "object_pk": "10",
    "user": 1
  }
},
{
  "model": "guardian.userobjectpermission",
  "pk": 42,
  "fields": {
    "permission": 56,
    "content_type": 14,
    "object_pk": "10",
    "user": 1
  }
},
{
  "model": "guardian.userobjectpermission",
  "pk": 43,
  "fields": {
    "permission": 66,
    "content_type": 17,
    "object_pk": "9",
    "user": 1
  }
},
{
  "model": "guardian.userobjectpermission",
  "pk": 44,
  "fields": {
    "permission": 68,
    "content_type": 17,
    "object_pk": "9",
    "user": 1
  }
},
{
  "model": "guardian.userobjectpermission",
  "pk": 45,
  "fields": {
    "permission": 54,
    "content_type": 14,
    "object_pk": "11",
    "user": 1
  }
},
{
  "model": "guardian.userobjectpermission",
  "pk": 46,
  "fields": {
    "permission": 56,
    "content_type": 14,
    "object_pk": "11",
    "user": 1
  }
},
{
  "model": "guardian.userobjectpermission",
  "pk": 47,
  "fields": {
    "permission": 66,
    "content_type": 17,
    "object_pk": "10",
    "user": 1
  }
},
{
  "model": "guardian.userobjectpermission",
  "pk": 48,
  "fields": {
    "permission": 68,
    "content_type": 17,
    "object_pk": "10",
    "user": 1
  }
},
{
  "model": "guardian.userobjectpermission",
  "pk": 49,
  "fields": {
    "permission": 66,
    "content_type": 17,
    "object_pk": "11",
    "user": 1
  }
},
{
  "model": "guardian.userobjectpermission",
  "pk": 50,
  "fields": {
    "permission": 68,
    "content_type": 17,
    "object_pk": "11",
    "user": 1
  }
},
{
  "model": "guardian.userobjectpermission",
  "pk": 51,
  "fields": {
    "permission": 54,
    "content_type": 14,
    "object_pk": "12",
    "user": 1
  }
},
{
  "model": "guardian.userobjectpermission",
  "pk": 52,
  "fields": {
    "permission": 56,
    "content_type": 14,
    "object_pk": "12",
    "user": 1
  }
},
{
  "model": "guardian.userobjectpermission",
  "pk": 53,
  "fields": {
    "permission": 66,
    "content_type": 17,
    "object_pk": "12",
    "user": 1
  }
},
{
  "model": "guardian.userobjectpermission",
  "pk": 54,
  "fields": {
    "permission": 68,
    "content_type": 17,
    "object_pk": "12",
    "user": 1
  }
},
{
  "model": "guardian.userobjectpermission",
  "pk": 55,
  "fields": {
    "permission": 54,
    "content_type": 14,
    "object_pk": "13",
    "user": 1
  }
},
{
  "model": "guardian.userobjectpermission",
  "pk": 56,
  "fields": {
    "permission": 56,
    "content_type": 14,
    "object_pk": "13",
    "user": 1
  }
},
{
  "model": "guardian.userobjectpermission",
  "pk": 57,
  "fields": {
    "permission": 66,
    "content_type": 17,
    "object_pk": "13",
    "user": 1
  }
},
{
  "model": "guardian.userobjectpermission",
  "pk": 58,
  "fields": {
    "permission": 68,
    "content_type": 17,
    "object_pk": "13",
    "user": 1
  }
},
{
  "model": "guardian.userobjectpermission",
  "pk": 59,
  "fields": {
    "permission": 54,
    "content_type": 14,
    "object_pk": "14",
    "user": 1
  }
},
{
  "model": "guardian.userobjectpermission",
  "pk": 60,
  "fields": {
    "permission": 56,
    "content_type": 14,
    "object_pk": "14",
    "user": 1
  }
},
{
  "model": "guardian.userobjectpermission",
  "pk": 61,
  "fields": {
    "permission": 54,
    "content_type": 14,
    "object_pk": "15",
    "user": 1
  }
},
{
  "model": "guardian.userobjectpermission",
  "pk": 62,
  "fields": {
    "permission": 56,
    "content_type": 14,
    "object_pk": "15",
    "user": 1
  }
},
{
  "model": "guardian.userobjectpermission",
  "pk": 63,
  "fields": {
    "permission": 66,
    "content_type": 17,
    "object_pk": "14",
    "user": 1
  }
},
{
  "model": "guardian.userobjectpermission",
  "pk": 64,
  "fields": {
    "permission": 68,
    "content_type": 17,
    "object_pk": "14",
    "user": 1
  }
},
{
  "model": "guardian.userobjectpermission",
  "pk": 65,
  "fields": {
    "permission": 66,
    "content_type": 17,
    "object_pk": "15",
    "user": 1
  }
},
{
  "model": "guardian.userobjectpermission",
  "pk": 66,
  "fields": {
    "permission": 68,
    "content_type": 17,
    "object_pk": "15",
    "user": 1
  }
},
{
  "model": "guardian.userobjectpermission",
  "pk": 67,
  "fields": {
    "permission": 54,
    "content_type": 14,
    "object_pk": "16",
    "user": 1
  }
},
{
  "model": "guardian.userobjectpermission",
  "pk": 68,
  "fields": {
    "permission": 56,
    "content_type": 14,
    "object_pk": "16",
    "user": 1
  }
},
{
  "model": "guardian.userobjectpermission",
  "pk": 69,
  "fields": {
    "permission": 66,
    "content_type": 17,
    "object_pk": "16",
    "user": 1
  }
},
{
  "model": "guardian.userobjectpermission",
  "pk": 70,
  "fields": {
    "permission": 68,
    "content_type": 17,
    "object_pk": "16",
    "user": 1
  }
},
{
  "model": "guardian.userobjectpermission",
  "pk": 71,
  "fields": {
    "permission": 54,
    "content_type": 14,
    "object_pk": "17",
    "user": 1
  }
},
{
  "model": "guardian.userobjectpermission",
  "pk": 72,
  "fields": {
    "permission": 56,
    "content_type": 14,
    "object_pk": "17",
    "user": 1
  }
},
{
  "model": "guardian.userobjectpermission",
  "pk": 73,
  "fields": {
    "permission": 66,
    "content_type": 17,
    "object_pk": "17",
    "user": 1
  }
},
{
  "model": "guardian.userobjectpermission",
  "pk": 74,
  "fields": {
    "permission": 68,
    "content_type": 17,
    "object_pk": "17",
    "user": 1
  }
},
{
  "model": "guardian.userobjectpermission",
  "pk": 75,
  "fields": {
    "permission": 66,
    "content_type": 17,
    "object_pk": "18",
    "user": 1
  }
},
{
  "model": "guardian.userobjectpermission",
  "pk": 76,
  "fields": {
    "permission": 68,
    "content_type": 17,
    "object_pk": "18",
    "user": 1
  }
},
{
  "model": "guardian.userobjectpermission",
  "pk": 77,
  "fields": {
    "permission": 54,
    "content_type": 14,
    "object_pk": "18",
    "user": 1
  }
},
{
  "model": "guardian.userobjectpermission",
  "pk": 78,
  "fields": {
    "permission": 56,
    "content_type": 14,
    "object_pk": "18",
    "user": 1
  }
},
{
  "model": "guardian.userobjectpermission",
  "pk": 79,
  "fields": {
    "permission": 54,
    "content_type": 14,
    "object_pk": "19",
    "user": 1
  }
},
{
  "model": "guardian.userobjectpermission",
  "pk": 80,
  "fields": {
    "permission": 56,
    "content_type": 14,
    "object_pk": "19",
    "user": 1
  }
},
{
  "model": "guardian.userobjectpermission",
  "pk": 81,
  "fields": {
    "permission": 54,
    "content_type": 14,
    "object_pk": "20",
    "user": 1
  }
},
{
  "model": "guardian.userobjectpermission",
  "pk": 82,
  "fields": {
    "permission": 56,
    "content_type": 14,
    "object_pk": "20",
    "user": 1
  }
},
{
  "model": "guardian.userobjectpermission",
  "pk": 83,
  "fields": {
    "permission": 54,
    "content_type": 14,
    "object_pk": "21",
    "user": 1
  }
},
{
  "model": "guardian.userobjectpermission",
  "pk": 84,
  "fields": {
    "permission": 56,
    "content_type": 14,
    "object_pk": "21",
    "user": 1
  }
},
{
  "model": "guardian.userobjectpermission",
  "pk": 85,
  "fields": {
    "permission": 54,
    "content_type": 14,
    "object_pk": "22",
    "user": 1
  }
},
{
  "model": "guardian.userobjectpermission",
  "pk": 86,
  "fields": {
    "permission": 56,
    "content_type": 14,
    "object_pk": "22",
    "user": 1
  }
},
{
  "model": "guardian.userobjectpermission",
  "pk": 87,
  "fields": {
    "permission": 66,
    "content_type": 17,
    "object_pk": "19",
    "user": 1
  }
},
{
  "model": "guardian.userobjectpermission",
  "pk": 88,
  "fields": {
    "permission": 68,
    "content_type": 17,
    "object_pk": "19",
    "user": 1
  }
},
{
  "model": "guardian.userobjectpermission",
  "pk": 89,
  "fields": {
    "permission": 54,
    "content_type": 14,
    "object_pk": "23",
    "user": 1
  }
},
{
  "model": "guardian.userobjectpermission",
  "pk": 90,
  "fields": {
    "permission": 56,
    "content_type": 14,
    "object_pk": "23",
    "user": 1
  }
},
{
  "model": "guardian.userobjectpermission",
  "pk": 91,
  "fields": {
    "permission": 54,
    "content_type": 14,
    "object_pk": "24",
    "user": 1
  }
},
{
  "model": "guardian.userobjectpermission",
  "pk": 92,
  "fields": {
    "permission": 56,
    "content_type": 14,
    "object_pk": "24",
    "user": 1
  }
},
{
  "model": "guardian.userobjectpermission",
  "pk": 93,
  "fields": {
    "permission": 54,
    "content_type": 14,
    "object_pk": "25",
    "user": 1
  }
},
{
  "model": "guardian.userobjectpermission",
  "pk": 94,
  "fields": {
    "permission": 56,
    "content_type": 14,
    "object_pk": "25",
    "user": 1
  }
},
{
  "model": "guardian.userobjectpermission",
  "pk": 95,
  "fields": {
    "permission": 54,
    "content_type": 14,
    "object_pk": "26",
    "user": 1
  }
},
{
  "model": "guardian.userobjectpermission",
  "pk": 96,
  "fields": {
    "permission": 56,
    "content_type": 14,
    "object_pk": "26",
    "user": 1
  }
},
{
  "model": "guardian.userobjectpermission",
  "pk": 97,
  "fields": {
    "permission": 54,
    "content_type": 14,
    "object_pk": "27",
    "user": 1
  }
},
{
  "model": "guardian.userobjectpermission",
  "pk": 98,
  "fields": {
    "permission": 56,
    "content_type": 14,
    "object_pk": "27",
    "user": 1
  }
},
{
  "model": "guardian.userobjectpermission",
  "pk": 99,
  "fields": {
    "permission": 54,
    "content_type": 14,
    "object_pk": "28",
    "user": 1
  }
},
{
  "model": "guardian.userobjectpermission",
  "pk": 100,
  "fields": {
    "permission": 56,
    "content_type": 14,
    "object_pk": "28",
    "user": 1
  }
},
{
  "model": "guardian.userobjectpermission",
  "pk": 101,
  "fields": {
    "permission": 66,
    "content_type": 17,
    "object_pk": "20",
    "user": 1
  }
},
{
  "model": "guardian.userobjectpermission",
  "pk": 102,
  "fields": {
    "permission": 68,
    "content_type": 17,
    "object_pk": "20",
    "user": 1
  }
},
{
  "model": "guardian.userobjectpermission",
  "pk": 103,
  "fields": {
    "permission": 66,
    "content_type": 17,
    "object_pk": "21",
    "user": 1
  }
},
{
  "model": "guardian.userobjectpermission",
  "pk": 104,
  "fields": {
    "permission": 68,
    "content_type": 17,
    "object_pk": "21",
    "user": 1
  }
},
{
  "model": "guardian.userobjectpermission",
  "pk": 105,
  "fields": {
    "permission": 54,
    "content_type": 14,
    "object_pk": "29",
    "user": 1
  }
},
{
  "model": "guardian.userobjectpermission",
  "pk": 106,
  "fields": {
    "permission": 56,
    "content_type": 14,
    "object_pk": "29",
    "user": 1
  }
},
{
  "model": "guardian.userobjectpermission",
  "pk": 107,
  "fields": {
    "permission": 66,
    "content_type": 17,
    "object_pk": "22",
    "user": 1
  }
},
{
  "model": "guardian.userobjectpermission",
  "pk": 108,
  "fields": {
    "permission": 68,
    "content_type": 17,
    "object_pk": "22",
    "user": 1
  }
},
{
  "model": "guardian.userobjectpermission",
  "pk": 109,
  "fields": {
    "permission": 54,
    "content_type": 14,
    "object_pk": "30",
    "user": 1
  }
},
{
  "model": "guardian.userobjectpermission",
  "pk": 110,
  "fields": {
    "permission": 56,
    "content_type": 14,
    "object_pk": "30",
    "user": 1
  }
},
{
  "model": "guardian.userobjectpermission",
  "pk": 111,
  "fields": {
    "permission": 54,
    "content_type": 14,
    "object_pk": "31",
    "user": 1
  }
},
{
  "model": "guardian.userobjectpermission",
  "pk": 112,
  "fields": {
    "permission": 56,
    "content_type": 14,
    "object_pk": "31",
    "user": 1
  }
},
{
  "model": "guardian.userobjectpermission",
  "pk": 113,
  "fields": {
    "permission": 22,
    "content_type": 6,
    "object_pk": "1",
    "user": 1
  }
},
{
  "model": "guardian.userobjectpermission",
  "pk": 114,
  "fields": {
    "permission": 24,
    "content_type": 6,
    "object_pk": "1",
    "user": 1
  }
},
{
  "model": "guardian.userobjectpermission",
  "pk": 115,
  "fields": {
    "permission": 54,
    "content_type": 14,
    "object_pk": "32",
    "user": 1
  }
},
{
  "model": "guardian.userobjectpermission",
  "pk": 116,
  "fields": {
    "permission": 56,
    "content_type": 14,
    "object_pk": "32",
    "user": 1
  }
},
{
  "model": "guardian.userobjectpermission",
  "pk": 117,
  "fields": {
    "permission": 66,
    "content_type": 17,
    "object_pk": "23",
    "user": 1
  }
},
{
  "model": "guardian.userobjectpermission",
  "pk": 118,
  "fields": {
    "permission": 68,
    "content_type": 17,
    "object_pk": "23",
    "user": 1
  }
},
{
  "model": "guardian.userobjectpermission",
  "pk": 119,
  "fields": {
    "permission": 30,
    "content_type": 8,
    "object_pk": "2",
    "user": 1
  }
},
{
  "model": "guardian.userobjectpermission",
  "pk": 120,
  "fields": {
    "permission": 32,
    "content_type": 8,
    "object_pk": "2",
    "user": 1
  }
},
{
  "model": "guardian.userobjectpermission",
  "pk": 121,
  "fields": {
    "permission": 54,
    "content_type": 14,
    "object_pk": "33",
    "user": 2
  }
},
{
  "model": "guardian.userobjectpermission",
  "pk": 122,
  "fields": {
    "permission": 56,
    "content_type": 14,
    "object_pk": "33",
    "user": 2
  }
},
{
  "model": "guardian.userobjectpermission",
  "pk": 123,
  "fields": {
    "permission": 66,
    "content_type": 17,
    "object_pk": "24",
    "user": 2
  }
},
{
  "model": "guardian.userobjectpermission",
  "pk": 124,
  "fields": {
    "permission": 68,
    "content_type": 17,
    "object_pk": "24",
    "user": 2
  }
},
{
  "model": "guardian.userobjectpermission",
  "pk": 125,
  "fields": {
    "permission": 54,
    "content_type": 14,
    "object_pk": "34",
    "user": 2
  }
},
{
  "model": "guardian.userobjectpermission",
  "pk": 126,
  "fields": {
    "permission": 56,
    "content_type": 14,
    "object_pk": "34",
    "user": 2
  }
},
{
  "model": "guardian.userobjectpermission",
  "pk": 127,
  "fields": {
    "permission": 22,
    "content_type": 6,
    "object_pk": "3",
    "user": 1
  }
},
{
  "model": "guardian.userobjectpermission",
  "pk": 128,
  "fields": {
    "permission": 24,
    "content_type": 6,
    "object_pk": "3",
    "user": 1
  }
},
{
  "model": "guardian.userobjectpermission",
  "pk": 129,
  "fields": {
    "permission": 22,
    "content_type": 6,
    "object_pk": "2",
    "user": 1
  }
},
{
  "model": "guardian.userobjectpermission",
  "pk": 130,
  "fields": {
    "permission": 24,
    "content_type": 6,
    "object_pk": "2",
    "user": 1
  }
},
{
  "model": "guardian.userobjectpermission",
  "pk": 131,
  "fields": {
    "permission": 50,
    "content_type": 13,
    "object_pk": "2",
    "user": 1
  }
},
{
  "model": "guardian.userobjectpermission",
  "pk": 132,
  "fields": {
    "permission": 52,
    "content_type": 13,
    "object_pk": "2",
    "user": 1
  }
},
{
  "model": "guardian.userobjectpermission",
  "pk": 133,
  "fields": {
    "permission": 30,
    "content_type": 8,
    "object_pk": "4",
    "user": 1
  }
},
{
  "model": "guardian.userobjectpermission",
  "pk": 134,
  "fields": {
    "permission": 32,
    "content_type": 8,
    "object_pk": "4",
    "user": 1
  }
},
{
  "model": "guardian.userobjectpermission",
  "pk": 135,
  "fields": {
    "permission": 22,
    "content_type": 6,
    "object_pk": "5",
    "user": 1
  }
},
{
  "model": "guardian.userobjectpermission",
  "pk": 136,
  "fields": {
    "permission": 24,
    "content_type": 6,
    "object_pk": "5",
    "user": 1
  }
},
{
  "model": "guardian.userobjectpermission",
  "pk": 137,
  "fields": {
    "permission": 38,
    "content_type": 10,
    "object_pk": "1",
    "user": 1
  }
},
{
  "model": "guardian.userobjectpermission",
  "pk": 138,
  "fields": {
    "permission": 40,
    "content_type": 10,
    "object_pk": "1",
    "user": 1
  }
},
{
  "model": "guardian.userobjectpermission",
  "pk": 139,
  "fields": {
    "permission": 66,
    "content_type": 17,
    "object_pk": "25",
    "user": 2
  }
},
{
  "model": "guardian.userobjectpermission",
  "pk": 140,
  "fields": {
    "permission": 68,
    "content_type": 17,
    "object_pk": "25",
    "user": 2
  }
},
{
  "model": "guardian.userobjectpermission",
  "pk": 141,
  "fields": {
    "permission": 54,
    "content_type": 14,
    "object_pk": "35",
    "user": 1
  }
},
{
  "model": "guardian.userobjectpermission",
  "pk": 142,
  "fields": {
    "permission": 56,
    "content_type": 14,
    "object_pk": "35",
    "user": 1
  }
},
{
  "model": "guardian.userobjectpermission",
  "pk": 143,
  "fields": {
    "permission": 66,
    "content_type": 17,
    "object_pk": "26",
    "user": 1
  }
},
{
  "model": "guardian.userobjectpermission",
  "pk": 144,
  "fields": {
    "permission": 68,
    "content_type": 17,
    "object_pk": "26",
    "user": 1
  }
},
{
  "model": "guardian.userobjectpermission",
  "pk": 145,
  "fields": {
    "permission": 54,
    "content_type": 14,
    "object_pk": "36",
    "user": 1
  }
},
{
  "model": "guardian.userobjectpermission",
  "pk": 146,
  "fields": {
    "permission": 56,
    "content_type": 14,
    "object_pk": "36",
    "user": 1
  }
},
{
  "model": "guardian.userobjectpermission",
  "pk": 147,
  "fields": {
    "permission": 66,
    "content_type": 17,
    "object_pk": "27",
    "user": 1
  }
},
{
  "model": "guardian.userobjectpermission",
  "pk": 148,
  "fields": {
    "permission": 68,
    "content_type": 17,
    "object_pk": "27",
    "user": 1
  }
},
{
  "model": "guardian.userobjectpermission",
  "pk": 149,
  "fields": {
    "permission": 50,
    "content_type": 13,
    "object_pk": "3",
    "user": 1
  }
},
{
  "model": "guardian.userobjectpermission",
  "pk": 150,
  "fields": {
    "permission": 52,
    "content_type": 13,
    "object_pk": "3",
    "user": 1
  }
},
{
  "model": "guardian.userobjectpermission",
  "pk": 152,
  "fields": {
    "permission": 52,
    "content_type": 13,
    "object_pk": "4",
    "user": 1
  }
},
{
  "model": "guardian.userobjectpermission",
  "pk": 153,
  "fields": {
    "permission": 50,
    "content_type": 13,
    "object_pk": "5",
    "user": 1
  }
},
{
  "model": "guardian.userobjectpermission",
  "pk": 154,
  "fields": {
    "permission": 52,
    "content_type": 13,
    "object_pk": "5",
    "user": 1
  }
},
{
  "model": "guardian.userobjectpermission",
  "pk": 155,
  "fields": {
    "permission": 50,
    "content_type": 13,
    "object_pk": "6",
    "user": 1
  }
},
{
  "model": "guardian.userobjectpermission",
  "pk": 156,
  "fields": {
    "permission": 52,
    "content_type": 13,
    "object_pk": "6",
    "user": 1
  }
},
{
  "model": "guardian.userobjectpermission",
  "pk": 157,
  "fields": {
    "permission": 50,
    "content_type": 13,
    "object_pk": "7",
    "user": 1
  }
},
{
  "model": "guardian.userobjectpermission",
  "pk": 158,
  "fields": {
    "permission": 52,
    "content_type": 13,
    "object_pk": "7",
    "user": 1
  }
},
{
  "model": "guardian.userobjectpermission",
  "pk": 159,
  "fields": {
    "permission": 50,
    "content_type": 13,
    "object_pk": "8",
    "user": 1
  }
},
{
  "model": "guardian.userobjectpermission",
  "pk": 160,
  "fields": {
    "permission": 52,
    "content_type": 13,
    "object_pk": "8",
    "user": 1
  }
},
{
  "model": "guardian.userobjectpermission",
  "pk": 161,
  "fields": {
    "permission": 50,
    "content_type": 13,
    "object_pk": "9",
    "user": 1
  }
},
{
  "model": "guardian.userobjectpermission",
  "pk": 162,
  "fields": {
    "permission": 52,
    "content_type": 13,
    "object_pk": "9",
    "user": 1
  }
},
{
  "model": "guardian.userobjectpermission",
  "pk": 163,
  "fields": {
    "permission": 50,
    "content_type": 13,
    "object_pk": "10",
    "user": 1
  }
},
{
  "model": "guardian.userobjectpermission",
  "pk": 164,
  "fields": {
    "permission": 52,
    "content_type": 13,
    "object_pk": "10",
    "user": 1
  }
},
{
  "model": "guardian.userobjectpermission",
  "pk": 165,
  "fields": {
    "permission": 50,
    "content_type": 13,
    "object_pk": "11",
    "user": 1
  }
},
{
  "model": "guardian.userobjectpermission",
  "pk": 166,
  "fields": {
    "permission": 52,
    "content_type": 13,
    "object_pk": "11",
    "user": 1
  }
},
{
  "model": "guardian.userobjectpermission",
  "pk": 167,
  "fields": {
    "permission": 50,
    "content_type": 13,
    "object_pk": "12",
    "user": 1
  }
},
{
  "model": "guardian.userobjectpermission",
  "pk": 168,
  "fields": {
    "permission": 52,
    "content_type": 13,
    "object_pk": "12",
    "user": 1
  }
},
{
  "model": "guardian.userobjectpermission",
  "pk": 169,
  "fields": {
    "permission": 50,
    "content_type": 13,
    "object_pk": "13",
    "user": 1
  }
},
{
  "model": "guardian.userobjectpermission",
  "pk": 170,
  "fields": {
    "permission": 52,
    "content_type": 13,
    "object_pk": "13",
    "user": 1
  }
},
{
  "model": "guardian.userobjectpermission",
  "pk": 171,
  "fields": {
    "permission": 50,
    "content_type": 13,
    "object_pk": "14",
    "user": 1
  }
},
{
  "model": "guardian.userobjectpermission",
  "pk": 172,
  "fields": {
    "permission": 52,
    "content_type": 13,
    "object_pk": "14",
    "user": 1
  }
},
{
  "model": "guardian.userobjectpermission",
  "pk": 173,
  "fields": {
    "permission": 50,
    "content_type": 13,
    "object_pk": "15",
    "user": 1
  }
},
{
  "model": "guardian.userobjectpermission",
  "pk": 174,
  "fields": {
    "permission": 52,
    "content_type": 13,
    "object_pk": "15",
    "user": 1
  }
},
{
  "model": "guardian.userobjectpermission",
  "pk": 175,
  "fields": {
    "permission": 50,
    "content_type": 13,
    "object_pk": "16",
    "user": 1
  }
},
{
  "model": "guardian.userobjectpermission",
  "pk": 176,
  "fields": {
    "permission": 52,
    "content_type": 13,
    "object_pk": "16",
    "user": 1
  }
},
{
  "model": "guardian.userobjectpermission",
  "pk": 177,
  "fields": {
    "permission": 50,
    "content_type": 13,
    "object_pk": "17",
    "user": 1
  }
},
{
  "model": "guardian.userobjectpermission",
  "pk": 178,
  "fields": {
    "permission": 52,
    "content_type": 13,
    "object_pk": "17",
    "user": 1
  }
},
{
  "model": "guardian.userobjectpermission",
  "pk": 179,
  "fields": {
    "permission": 50,
    "content_type": 13,
    "object_pk": "18",
    "user": 1
  }
},
{
  "model": "guardian.userobjectpermission",
  "pk": 180,
  "fields": {
    "permission": 52,
    "content_type": 13,
    "object_pk": "18",
    "user": 1
  }
},
{
  "model": "guardian.userobjectpermission",
  "pk": 181,
  "fields": {
    "permission": 50,
    "content_type": 13,
    "object_pk": "19",
    "user": 1
  }
},
{
  "model": "guardian.userobjectpermission",
  "pk": 182,
  "fields": {
    "permission": 52,
    "content_type": 13,
    "object_pk": "19",
    "user": 1
  }
},
{
  "model": "guardian.userobjectpermission",
  "pk": 183,
  "fields": {
    "permission": 50,
    "content_type": 13,
    "object_pk": "20",
    "user": 1
  }
},
{
  "model": "guardian.userobjectpermission",
  "pk": 184,
  "fields": {
    "permission": 52,
    "content_type": 13,
    "object_pk": "20",
    "user": 1
  }
},
{
  "model": "guardian.userobjectpermission",
  "pk": 185,
  "fields": {
    "permission": 50,
    "content_type": 13,
    "object_pk": "21",
    "user": 1
  }
},
{
  "model": "guardian.userobjectpermission",
  "pk": 186,
  "fields": {
    "permission": 52,
    "content_type": 13,
    "object_pk": "21",
    "user": 1
  }
},
{
  "model": "guardian.userobjectpermission",
  "pk": 187,
  "fields": {
    "permission": 50,
    "content_type": 13,
    "object_pk": "22",
    "user": 1
  }
},
{
  "model": "guardian.userobjectpermission",
  "pk": 188,
  "fields": {
    "permission": 52,
    "content_type": 13,
    "object_pk": "22",
    "user": 1
  }
},
{
  "model": "guardian.userobjectpermission",
  "pk": 189,
  "fields": {
    "permission": 50,
    "content_type": 13,
    "object_pk": "23",
    "user": 1
  }
},
{
  "model": "guardian.userobjectpermission",
  "pk": 190,
  "fields": {
    "permission": 52,
    "content_type": 13,
    "object_pk": "23",
    "user": 1
  }
},
{
  "model": "guardian.userobjectpermission",
  "pk": 191,
  "fields": {
    "permission": 50,
    "content_type": 13,
    "object_pk": "24",
    "user": 1
  }
},
{
  "model": "guardian.userobjectpermission",
  "pk": 192,
  "fields": {
    "permission": 52,
    "content_type": 13,
    "object_pk": "24",
    "user": 1
  }
},
{
  "model": "guardian.userobjectpermission",
  "pk": 193,
  "fields": {
    "permission": 50,
    "content_type": 13,
    "object_pk": "25",
    "user": 1
  }
},
{
  "model": "guardian.userobjectpermission",
  "pk": 194,
  "fields": {
    "permission": 52,
    "content_type": 13,
    "object_pk": "25",
    "user": 1
  }
},
{
  "model": "guardian.userobjectpermission",
  "pk": 195,
  "fields": {
    "permission": 50,
    "content_type": 13,
    "object_pk": "26",
    "user": 1
  }
},
{
  "model": "guardian.userobjectpermission",
  "pk": 196,
  "fields": {
    "permission": 52,
    "content_type": 13,
    "object_pk": "26",
    "user": 1
  }
},
{
  "model": "guardian.userobjectpermission",
  "pk": 197,
  "fields": {
    "permission": 50,
    "content_type": 13,
    "object_pk": "27",
    "user": 1
  }
},
{
  "model": "guardian.userobjectpermission",
  "pk": 198,
  "fields": {
    "permission": 52,
    "content_type": 13,
    "object_pk": "27",
    "user": 1
  }
},
{
  "model": "guardian.userobjectpermission",
  "pk": 199,
  "fields": {
    "permission": 50,
    "content_type": 13,
    "object_pk": "28",
    "user": 1
  }
},
{
  "model": "guardian.userobjectpermission",
  "pk": 200,
  "fields": {
    "permission": 52,
    "content_type": 13,
    "object_pk": "28",
    "user": 1
  }
},
{
  "model": "guardian.userobjectpermission",
  "pk": 201,
  "fields": {
    "permission": 50,
    "content_type": 13,
    "object_pk": "29",
    "user": 1
  }
},
{
  "model": "guardian.userobjectpermission",
  "pk": 202,
  "fields": {
    "permission": 52,
    "content_type": 13,
    "object_pk": "29",
    "user": 1
  }
},
{
  "model": "guardian.userobjectpermission",
  "pk": 203,
  "fields": {
    "permission": 50,
    "content_type": 13,
    "object_pk": "30",
    "user": 1
  }
},
{
  "model": "guardian.userobjectpermission",
  "pk": 204,
  "fields": {
    "permission": 52,
    "content_type": 13,
    "object_pk": "30",
    "user": 1
  }
},
{
  "model": "guardian.userobjectpermission",
  "pk": 205,
  "fields": {
    "permission": 50,
    "content_type": 13,
    "object_pk": "31",
    "user": 1
  }
},
{
  "model": "guardian.userobjectpermission",
  "pk": 206,
  "fields": {
    "permission": 52,
    "content_type": 13,
    "object_pk": "31",
    "user": 1
  }
},
{
  "model": "guardian.userobjectpermission",
  "pk": 207,
  "fields": {
    "permission": 50,
    "content_type": 13,
    "object_pk": "32",
    "user": 1
  }
},
{
  "model": "guardian.userobjectpermission",
  "pk": 208,
  "fields": {
    "permission": 52,
    "content_type": 13,
    "object_pk": "32",
    "user": 1
  }
},
{
  "model": "guardian.userobjectpermission",
  "pk": 209,
  "fields": {
    "permission": 50,
    "content_type": 13,
    "object_pk": "33",
    "user": 1
  }
},
{
  "model": "guardian.userobjectpermission",
  "pk": 210,
  "fields": {
    "permission": 52,
    "content_type": 13,
    "object_pk": "33",
    "user": 1
  }
},
{
  "model": "guardian.userobjectpermission",
  "pk": 211,
  "fields": {
    "permission": 46,
    "content_type": 12,
    "object_pk": "1",
    "user": 1
  }
},
{
  "model": "guardian.userobjectpermission",
  "pk": 212,
  "fields": {
    "permission": 48,
    "content_type": 12,
    "object_pk": "1",
    "user": 1
  }
},
{
  "model": "guardian.userobjectpermission",
  "pk": 213,
  "fields": {
    "permission": 46,
    "content_type": 12,
    "object_pk": "2",
    "user": 1
  }
},
{
  "model": "guardian.userobjectpermission",
  "pk": 214,
  "fields": {
    "permission": 48,
    "content_type": 12,
    "object_pk": "2",
    "user": 1
  }
},
{
  "model": "guardian.userobjectpermission",
  "pk": 215,
  "fields": {
    "permission": 46,
    "content_type": 12,
    "object_pk": "3",
    "user": 1
  }
},
{
  "model": "guardian.userobjectpermission",
  "pk": 216,
  "fields": {
    "permission": 48,
    "content_type": 12,
    "object_pk": "3",
    "user": 1
  }
},
{
  "model": "guardian.groupobjectpermission",
  "pk": 1,
  "fields": {
    "permission": 83,
    "content_type": 21,
    "object_pk": "1",
    "group": 2
  }
},
{
  "model": "guardian.groupobjectpermission",
  "pk": 2,
  "fields": {
    "permission": 82,
    "content_type": 21,
    "object_pk": "1",
    "group": 2
  }
},
{
  "model": "guardian.groupobjectpermission",
  "pk": 3,
  "fields": {
    "permission": 84,
    "content_type": 21,
    "object_pk": "1",
    "group": 2
  }
},
{
  "model": "guardian.groupobjectpermission",
  "pk": 4,
  "fields": {
    "permission": 84,
    "content_type": 21,
    "object_pk": "1",
    "group": 4
  }
},
{
  "model": "guardian.groupobjectpermission",
  "pk": 5,
  "fields": {
    "permission": 84,
    "content_type": 21,
    "object_pk": "1",
    "group": 3
  }
},
{
  "model": "guardian.groupobjectpermission",
  "pk": 6,
  "fields": {
    "permission": 31,
    "content_type": 8,
    "object_pk": "1",
    "group": 2
  }
},
{
  "model": "guardian.groupobjectpermission",
  "pk": 7,
  "fields": {
    "permission": 30,
    "content_type": 8,
    "object_pk": "1",
    "group": 2
  }
},
{
  "model": "guardian.groupobjectpermission",
  "pk": 8,
  "fields": {
    "permission": 32,
    "content_type": 8,
    "object_pk": "1",
    "group": 2
  }
},
{
  "model": "guardian.groupobjectpermission",
  "pk": 9,
  "fields": {
    "permission": 35,
    "content_type": 9,
    "object_pk": "1",
    "group": 2
  }
},
{
  "model": "guardian.groupobjectpermission",
  "pk": 10,
  "fields": {
    "permission": 34,
    "content_type": 9,
    "object_pk": "1",
    "group": 2
  }
},
{
  "model": "guardian.groupobjectpermission",
  "pk": 11,
  "fields": {
    "permission": 36,
    "content_type": 9,
    "object_pk": "1",
    "group": 2
  }
},
{
  "model": "guardian.groupobjectpermission",
  "pk": 12,
  "fields": {
    "permission": 35,
    "content_type": 9,
    "object_pk": "2",
    "group": 2
  }
},
{
  "model": "guardian.groupobjectpermission",
  "pk": 13,
  "fields": {
    "permission": 34,
    "content_type": 9,
    "object_pk": "2",
    "group": 2
  }
},
{
  "model": "guardian.groupobjectpermission",
  "pk": 14,
  "fields": {
    "permission": 36,
    "content_type": 9,
    "object_pk": "2",
    "group": 2
  }
},
{
  "model": "guardian.groupobjectpermission",
  "pk": 15,
  "fields": {
    "permission": 55,
    "content_type": 14,
    "object_pk": "1",
    "group": 2
  }
},
{
  "model": "guardian.groupobjectpermission",
  "pk": 16,
  "fields": {
    "permission": 54,
    "content_type": 14,
    "object_pk": "1",
    "group": 2
  }
},
{
  "model": "guardian.groupobjectpermission",
  "pk": 17,
  "fields": {
    "permission": 56,
    "content_type": 14,
    "object_pk": "1",
    "group": 2
  }
},
{
  "model": "guardian.groupobjectpermission",
  "pk": 18,
  "fields": {
    "permission": 67,
    "content_type": 17,
    "object_pk": "1",
    "group": 2
  }
},
{
  "model": "guardian.groupobjectpermission",
  "pk": 19,
  "fields": {
    "permission": 66,
    "content_type": 17,
    "object_pk": "1",
    "group": 2
  }
},
{
  "model": "guardian.groupobjectpermission",
  "pk": 20,
  "fields": {
    "permission": 68,
    "content_type": 17,
    "object_pk": "1",
    "group": 2
  }
},
{
  "model": "guardian.groupobjectpermission",
  "pk": 21,
  "fields": {
    "permission": 67,
    "content_type": 17,
    "object_pk": "2",
    "group": 2
  }
},
{
  "model": "guardian.groupobjectpermission",
  "pk": 22,
  "fields": {
    "permission": 66,
    "content_type": 17,
    "object_pk": "2",
    "group": 2
  }
},
{
  "model": "guardian.groupobjectpermission",
  "pk": 23,
  "fields": {
    "permission": 68,
    "content_type": 17,
    "object_pk": "2",
    "group": 2
  }
},
{
  "model": "guardian.groupobjectpermission",
  "pk": 29,
  "fields": {
    "permission": 55,
    "content_type": 14,
    "object_pk": "3",
    "group": 2
  }
},
{
  "model": "guardian.groupobjectpermission",
  "pk": 30,
  "fields": {
    "permission": 54,
    "content_type": 14,
    "object_pk": "3",
    "group": 2
  }
},
{
  "model": "guardian.groupobjectpermission",
  "pk": 31,
  "fields": {
    "permission": 56,
    "content_type": 14,
    "object_pk": "3",
    "group": 2
  }
},
{
  "model": "guardian.groupobjectpermission",
  "pk": 32,
  "fields": {
    "permission": 56,
    "content_type": 14,
    "object_pk": "3",
    "group": 4
  }
},
{
  "model": "guardian.groupobjectpermission",
  "pk": 33,
  "fields": {
    "permission": 56,
    "content_type": 14,
    "object_pk": "3",
    "group": 3
  }
},
{
  "model": "guardian.groupobjectpermission",
  "pk": 34,
  "fields": {
    "permission": 67,
    "content_type": 17,
    "object_pk": "3",
    "group": 2
  }
},
{
  "model": "guardian.groupobjectpermission",
  "pk": 35,
  "fields": {
    "permission": 66,
    "content_type": 17,
    "object_pk": "3",
    "group": 2
  }
},
{
  "model": "guardian.groupobjectpermission",
  "pk": 36,
  "fields": {
    "permission": 68,
    "content_type": 17,
    "object_pk": "3",
    "group": 2
  }
},
{
  "model": "guardian.groupobjectpermission",
  "pk": 37,
  "fields": {
    "permission": 68,
    "content_type": 17,
    "object_pk": "3",
    "group": 4
  }
},
{
  "model": "guardian.groupobjectpermission",
  "pk": 38,
  "fields": {
    "permission": 68,
    "content_type": 17,
    "object_pk": "3",
    "group": 3
  }
},
{
  "model": "guardian.groupobjectpermission",
  "pk": 39,
  "fields": {
    "permission": 55,
    "content_type": 14,
    "object_pk": "4",
    "group": 2
  }
},
{
  "model": "guardian.groupobjectpermission",
  "pk": 40,
  "fields": {
    "permission": 54,
    "content_type": 14,
    "object_pk": "4",
    "group": 2
  }
},
{
  "model": "guardian.groupobjectpermission",
  "pk": 41,
  "fields": {
    "permission": 56,
    "content_type": 14,
    "object_pk": "4",
    "group": 2
  }
},
{
  "model": "guardian.groupobjectpermission",
  "pk": 42,
  "fields": {
    "permission": 67,
    "content_type": 17,
    "object_pk": "4",
    "group": 2
  }
},
{
  "model": "guardian.groupobjectpermission",
  "pk": 43,
  "fields": {
    "permission": 66,
    "content_type": 17,
    "object_pk": "4",
    "group": 2
  }
},
{
  "model": "guardian.groupobjectpermission",
  "pk": 44,
  "fields": {
    "permission": 68,
    "content_type": 17,
    "object_pk": "4",
    "group": 2
  }
},
{
  "model": "guardian.groupobjectpermission",
  "pk": 55,
  "fields": {
    "permission": 55,
    "content_type": 14,
    "object_pk": "7",
    "group": 2
  }
},
{
  "model": "guardian.groupobjectpermission",
  "pk": 56,
  "fields": {
    "permission": 54,
    "content_type": 14,
    "object_pk": "7",
    "group": 2
  }
},
{
  "model": "guardian.groupobjectpermission",
  "pk": 57,
  "fields": {
    "permission": 56,
    "content_type": 14,
    "object_pk": "7",
    "group": 2
  }
},
{
  "model": "guardian.groupobjectpermission",
  "pk": 58,
  "fields": {
    "permission": 56,
    "content_type": 14,
    "object_pk": "7",
    "group": 4
  }
},
{
  "model": "guardian.groupobjectpermission",
  "pk": 59,
  "fields": {
    "permission": 56,
    "content_type": 14,
    "object_pk": "7",
    "group": 3
  }
},
{
  "model": "guardian.groupobjectpermission",
  "pk": 60,
  "fields": {
    "permission": 67,
    "content_type": 17,
    "object_pk": "5",
    "group": 2
  }
},
{
  "model": "guardian.groupobjectpermission",
  "pk": 61,
  "fields": {
    "permission": 66,
    "content_type": 17,
    "object_pk": "5",
    "group": 2
  }
},
{
  "model": "guardian.groupobjectpermission",
  "pk": 62,
  "fields": {
    "permission": 68,
    "content_type": 17,
    "object_pk": "5",
    "group": 2
  }
},
{
  "model": "guardian.groupobjectpermission",
  "pk": 63,
  "fields": {
    "permission": 68,
    "content_type": 17,
    "object_pk": "5",
    "group": 4
  }
},
{
  "model": "guardian.groupobjectpermission",
  "pk": 64,
  "fields": {
    "permission": 68,
    "content_type": 17,
    "object_pk": "5",
    "group": 3
  }
},
{
  "model": "guardian.groupobjectpermission",
  "pk": 65,
  "fields": {
    "permission": 67,
    "content_type": 17,
    "object_pk": "6",
    "group": 2
  }
},
{
  "model": "guardian.groupobjectpermission",
  "pk": 66,
  "fields": {
    "permission": 66,
    "content_type": 17,
    "object_pk": "6",
    "group": 2
  }
},
{
  "model": "guardian.groupobjectpermission",
  "pk": 67,
  "fields": {
    "permission": 68,
    "content_type": 17,
    "object_pk": "6",
    "group": 2
  }
},
{
  "model": "guardian.groupobjectpermission",
  "pk": 68,
  "fields": {
    "permission": 68,
    "content_type": 17,
    "object_pk": "6",
    "group": 4
  }
},
{
  "model": "guardian.groupobjectpermission",
  "pk": 69,
  "fields": {
    "permission": 68,
    "content_type": 17,
    "object_pk": "6",
    "group": 3
  }
},
{
  "model": "guardian.groupobjectpermission",
  "pk": 70,
  "fields": {
    "permission": 55,
    "content_type": 14,
    "object_pk": "8",
    "group": 2
  }
},
{
  "model": "guardian.groupobjectpermission",
  "pk": 71,
  "fields": {
    "permission": 54,
    "content_type": 14,
    "object_pk": "8",
    "group": 2
  }
},
{
  "model": "guardian.groupobjectpermission",
  "pk": 72,
  "fields": {
    "permission": 56,
    "content_type": 14,
    "object_pk": "8",
    "group": 2
  }
},
{
  "model": "guardian.groupobjectpermission",
  "pk": 73,
  "fields": {
    "permission": 56,
    "content_type": 14,
    "object_pk": "8",
    "group": 4
  }
},
{
  "model": "guardian.groupobjectpermission",
  "pk": 74,
  "fields": {
    "permission": 56,
    "content_type": 14,
    "object_pk": "8",
    "group": 3
  }
},
{
  "model": "guardian.groupobjectpermission",
  "pk": 75,
  "fields": {
    "permission": 67,
    "content_type": 17,
    "object_pk": "7",
    "group": 2
  }
},
{
  "model": "guardian.groupobjectpermission",
  "pk": 76,
  "fields": {
    "permission": 66,
    "content_type": 17,
    "object_pk": "7",
    "group": 2
  }
},
{
  "model": "guardian.groupobjectpermission",
  "pk": 77,
  "fields": {
    "permission": 68,
    "content_type": 17,
    "object_pk": "7",
    "group": 2
  }
},
{
  "model": "guardian.groupobjectpermission",
  "pk": 78,
  "fields": {
    "permission": 68,
    "content_type": 17,
    "object_pk": "7",
    "group": 4
  }
},
{
  "model": "guardian.groupobjectpermission",
  "pk": 79,
  "fields": {
    "permission": 68,
    "content_type": 17,
    "object_pk": "7",
    "group": 3
  }
},
{
  "model": "guardian.groupobjectpermission",
  "pk": 80,
  "fields": {
    "permission": 55,
    "content_type": 14,
    "object_pk": "9",
    "group": 2
  }
},
{
  "model": "guardian.groupobjectpermission",
  "pk": 81,
  "fields": {
    "permission": 54,
    "content_type": 14,
    "object_pk": "9",
    "group": 2
  }
},
{
  "model": "guardian.groupobjectpermission",
  "pk": 82,
  "fields": {
    "permission": 56,
    "content_type": 14,
    "object_pk": "9",
    "group": 2
  }
},
{
  "model": "guardian.groupobjectpermission",
  "pk": 83,
  "fields": {
    "permission": 56,
    "content_type": 14,
    "object_pk": "9",
    "group": 4
  }
},
{
  "model": "guardian.groupobjectpermission",
  "pk": 84,
  "fields": {
    "permission": 56,
    "content_type": 14,
    "object_pk": "9",
    "group": 3
  }
},
{
  "model": "guardian.groupobjectpermission",
  "pk": 85,
  "fields": {
    "permission": 67,
    "content_type": 17,
    "object_pk": "8",
    "group": 2
  }
},
{
  "model": "guardian.groupobjectpermission",
  "pk": 86,
  "fields": {
    "permission": 66,
    "content_type": 17,
    "object_pk": "8",
    "group": 2
  }
},
{
  "model": "guardian.groupobjectpermission",
  "pk": 87,
  "fields": {
    "permission": 68,
    "content_type": 17,
    "object_pk": "8",
    "group": 2
  }
},
{
  "model": "guardian.groupobjectpermission",
  "pk": 88,
  "fields": {
    "permission": 68,
    "content_type": 17,
    "object_pk": "8",
    "group": 4
  }
},
{
  "model": "guardian.groupobjectpermission",
  "pk": 89,
  "fields": {
    "permission": 68,
    "content_type": 17,
    "object_pk": "8",
    "group": 3
  }
},
{
  "model": "guardian.groupobjectpermission",
  "pk": 90,
  "fields": {
    "permission": 55,
    "content_type": 14,
    "object_pk": "10",
    "group": 2
  }
},
{
  "model": "guardian.groupobjectpermission",
  "pk": 91,
  "fields": {
    "permission": 54,
    "content_type": 14,
    "object_pk": "10",
    "group": 2
  }
},
{
  "model": "guardian.groupobjectpermission",
  "pk": 92,
  "fields": {
    "permission": 56,
    "content_type": 14,
    "object_pk": "10",
    "group": 2
  }
},
{
  "model": "guardian.groupobjectpermission",
  "pk": 93,
  "fields": {
    "permission": 67,
    "content_type": 17,
    "object_pk": "9",
    "group": 2
  }
},
{
  "model": "guardian.groupobjectpermission",
  "pk": 94,
  "fields": {
    "permission": 66,
    "content_type": 17,
    "object_pk": "9",
    "group": 2
  }
},
{
  "model": "guardian.groupobjectpermission",
  "pk": 95,
  "fields": {
    "permission": 68,
    "content_type": 17,
    "object_pk": "9",
    "group": 2
  }
},
{
  "model": "guardian.groupobjectpermission",
  "pk": 96,
  "fields": {
    "permission": 55,
    "content_type": 14,
    "object_pk": "11",
    "group": 2
  }
},
{
  "model": "guardian.groupobjectpermission",
  "pk": 97,
  "fields": {
    "permission": 54,
    "content_type": 14,
    "object_pk": "11",
    "group": 2
  }
},
{
  "model": "guardian.groupobjectpermission",
  "pk": 98,
  "fields": {
    "permission": 56,
    "content_type": 14,
    "object_pk": "11",
    "group": 2
  }
},
{
  "model": "guardian.groupobjectpermission",
  "pk": 99,
  "fields": {
    "permission": 67,
    "content_type": 17,
    "object_pk": "10",
    "group": 2
  }
},
{
  "model": "guardian.groupobjectpermission",
  "pk": 100,
  "fields": {
    "permission": 66,
    "content_type": 17,
    "object_pk": "10",
    "group": 2
  }
},
{
  "model": "guardian.groupobjectpermission",
  "pk": 101,
  "fields": {
    "permission": 68,
    "content_type": 17,
    "object_pk": "10",
    "group": 2
  }
},
{
  "model": "guardian.groupobjectpermission",
  "pk": 102,
  "fields": {
    "permission": 67,
    "content_type": 17,
    "object_pk": "11",
    "group": 2
  }
},
{
  "model": "guardian.groupobjectpermission",
  "pk": 103,
  "fields": {
    "permission": 66,
    "content_type": 17,
    "object_pk": "11",
    "group": 2
  }
},
{
  "model": "guardian.groupobjectpermission",
  "pk": 104,
  "fields": {
    "permission": 68,
    "content_type": 17,
    "object_pk": "11",
    "group": 2
  }
},
{
  "model": "guardian.groupobjectpermission",
  "pk": 105,
  "fields": {
    "permission": 55,
    "content_type": 14,
    "object_pk": "12",
    "group": 2
  }
},
{
  "model": "guardian.groupobjectpermission",
  "pk": 106,
  "fields": {
    "permission": 54,
    "content_type": 14,
    "object_pk": "12",
    "group": 2
  }
},
{
  "model": "guardian.groupobjectpermission",
  "pk": 107,
  "fields": {
    "permission": 56,
    "content_type": 14,
    "object_pk": "12",
    "group": 2
  }
},
{
  "model": "guardian.groupobjectpermission",
  "pk": 108,
  "fields": {
    "permission": 67,
    "content_type": 17,
    "object_pk": "12",
    "group": 2
  }
},
{
  "model": "guardian.groupobjectpermission",
  "pk": 109,
  "fields": {
    "permission": 66,
    "content_type": 17,
    "object_pk": "12",
    "group": 2
  }
},
{
  "model": "guardian.groupobjectpermission",
  "pk": 110,
  "fields": {
    "permission": 68,
    "content_type": 17,
    "object_pk": "12",
    "group": 2
  }
},
{
  "model": "guardian.groupobjectpermission",
  "pk": 111,
  "fields": {
    "permission": 55,
    "content_type": 14,
    "object_pk": "13",
    "group": 2
  }
},
{
  "model": "guardian.groupobjectpermission",
  "pk": 112,
  "fields": {
    "permission": 54,
    "content_type": 14,
    "object_pk": "13",
    "group": 2
  }
},
{
  "model": "guardian.groupobjectpermission",
  "pk": 113,
  "fields": {
    "permission": 56,
    "content_type": 14,
    "object_pk": "13",
    "group": 2
  }
},
{
  "model": "guardian.groupobjectpermission",
  "pk": 114,
  "fields": {
    "permission": 56,
    "content_type": 14,
    "object_pk": "13",
    "group": 4
  }
},
{
  "model": "guardian.groupobjectpermission",
  "pk": 115,
  "fields": {
    "permission": 56,
    "content_type": 14,
    "object_pk": "13",
    "group": 3
  }
},
{
  "model": "guardian.groupobjectpermission",
  "pk": 116,
  "fields": {
    "permission": 67,
    "content_type": 17,
    "object_pk": "13",
    "group": 2
  }
},
{
  "model": "guardian.groupobjectpermission",
  "pk": 117,
  "fields": {
    "permission": 66,
    "content_type": 17,
    "object_pk": "13",
    "group": 2
  }
},
{
  "model": "guardian.groupobjectpermission",
  "pk": 118,
  "fields": {
    "permission": 68,
    "content_type": 17,
    "object_pk": "13",
    "group": 2
  }
},
{
  "model": "guardian.groupobjectpermission",
  "pk": 119,
  "fields": {
    "permission": 68,
    "content_type": 17,
    "object_pk": "13",
    "group": 4
  }
},
{
  "model": "guardian.groupobjectpermission",
  "pk": 120,
  "fields": {
    "permission": 68,
    "content_type": 17,
    "object_pk": "13",
    "group": 3
  }
},
{
  "model": "guardian.groupobjectpermission",
  "pk": 121,
  "fields": {
    "permission": 55,
    "content_type": 14,
    "object_pk": "14",
    "group": 2
  }
},
{
  "model": "guardian.groupobjectpermission",
  "pk": 122,
  "fields": {
    "permission": 54,
    "content_type": 14,
    "object_pk": "14",
    "group": 2
  }
},
{
  "model": "guardian.groupobjectpermission",
  "pk": 123,
  "fields": {
    "permission": 56,
    "content_type": 14,
    "object_pk": "14",
    "group": 2
  }
},
{
  "model": "guardian.groupobjectpermission",
  "pk": 124,
  "fields": {
    "permission": 55,
    "content_type": 14,
    "object_pk": "15",
    "group": 2
  }
},
{
  "model": "guardian.groupobjectpermission",
  "pk": 125,
  "fields": {
    "permission": 54,
    "content_type": 14,
    "object_pk": "15",
    "group": 2
  }
},
{
  "model": "guardian.groupobjectpermission",
  "pk": 126,
  "fields": {
    "permission": 56,
    "content_type": 14,
    "object_pk": "15",
    "group": 2
  }
},
{
  "model": "guardian.groupobjectpermission",
  "pk": 127,
  "fields": {
    "permission": 67,
    "content_type": 17,
    "object_pk": "14",
    "group": 2
  }
},
{
  "model": "guardian.groupobjectpermission",
  "pk": 128,
  "fields": {
    "permission": 66,
    "content_type": 17,
    "object_pk": "14",
    "group": 2
  }
},
{
  "model": "guardian.groupobjectpermission",
  "pk": 129,
  "fields": {
    "permission": 68,
    "content_type": 17,
    "object_pk": "14",
    "group": 2
  }
},
{
  "model": "guardian.groupobjectpermission",
  "pk": 130,
  "fields": {
    "permission": 67,
    "content_type": 17,
    "object_pk": "15",
    "group": 2
  }
},
{
  "model": "guardian.groupobjectpermission",
  "pk": 131,
  "fields": {
    "permission": 66,
    "content_type": 17,
    "object_pk": "15",
    "group": 2
  }
},
{
  "model": "guardian.groupobjectpermission",
  "pk": 132,
  "fields": {
    "permission": 68,
    "content_type": 17,
    "object_pk": "15",
    "group": 2
  }
},
{
  "model": "guardian.groupobjectpermission",
  "pk": 133,
  "fields": {
    "permission": 55,
    "content_type": 14,
    "object_pk": "16",
    "group": 2
  }
},
{
  "model": "guardian.groupobjectpermission",
  "pk": 134,
  "fields": {
    "permission": 54,
    "content_type": 14,
    "object_pk": "16",
    "group": 2
  }
},
{
  "model": "guardian.groupobjectpermission",
  "pk": 135,
  "fields": {
    "permission": 56,
    "content_type": 14,
    "object_pk": "16",
    "group": 2
  }
},
{
  "model": "guardian.groupobjectpermission",
  "pk": 136,
  "fields": {
    "permission": 56,
    "content_type": 14,
    "object_pk": "16",
    "group": 4
  }
},
{
  "model": "guardian.groupobjectpermission",
  "pk": 137,
  "fields": {
    "permission": 56,
    "content_type": 14,
    "object_pk": "16",
    "group": 3
  }
},
{
  "model": "guardian.groupobjectpermission",
  "pk": 138,
  "fields": {
    "permission": 67,
    "content_type": 17,
    "object_pk": "16",
    "group": 2
  }
},
{
  "model": "guardian.groupobjectpermission",
  "pk": 139,
  "fields": {
    "permission": 66,
    "content_type": 17,
    "object_pk": "16",
    "group": 2
  }
},
{
  "model": "guardian.groupobjectpermission",
  "pk": 140,
  "fields": {
    "permission": 68,
    "content_type": 17,
    "object_pk": "16",
    "group": 2
  }
},
{
  "model": "guardian.groupobjectpermission",
  "pk": 141,
  "fields": {
    "permission": 68,
    "content_type": 17,
    "object_pk": "16",
    "group": 4
  }
},
{
  "model": "guardian.groupobjectpermission",
  "pk": 142,
  "fields": {
    "permission": 68,
    "content_type": 17,
    "object_pk": "16",
    "group": 3
  }
},
{
  "model": "guardian.groupobjectpermission",
  "pk": 143,
  "fields": {
    "permission": 55,
    "content_type": 14,
    "object_pk": "17",
    "group": 2
  }
},
{
  "model": "guardian.groupobjectpermission",
  "pk": 144,
  "fields": {
    "permission": 54,
    "content_type": 14,
    "object_pk": "17",
    "group": 2
  }
},
{
  "model": "guardian.groupobjectpermission",
  "pk": 145,
  "fields": {
    "permission": 56,
    "content_type": 14,
    "object_pk": "17",
    "group": 2
  }
},
{
  "model": "guardian.groupobjectpermission",
  "pk": 146,
  "fields": {
    "permission": 67,
    "content_type": 17,
    "object_pk": "17",
    "group": 2
  }
},
{
  "model": "guardian.groupobjectpermission",
  "pk": 147,
  "fields": {
    "permission": 66,
    "content_type": 17,
    "object_pk": "17",
    "group": 2
  }
},
{
  "model": "guardian.groupobjectpermission",
  "pk": 148,
  "fields": {
    "permission": 68,
    "content_type": 17,
    "object_pk": "17",
    "group": 2
  }
},
{
  "model": "guardian.groupobjectpermission",
  "pk": 149,
  "fields": {
    "permission": 67,
    "content_type": 17,
    "object_pk": "18",
    "group": 2
  }
},
{
  "model": "guardian.groupobjectpermission",
  "pk": 150,
  "fields": {
    "permission": 66,
    "content_type": 17,
    "object_pk": "18",
    "group": 2
  }
},
{
  "model": "guardian.groupobjectpermission",
  "pk": 151,
  "fields": {
    "permission": 68,
    "content_type": 17,
    "object_pk": "18",
    "group": 2
  }
},
{
  "model": "guardian.groupobjectpermission",
  "pk": 152,
  "fields": {
    "permission": 55,
    "content_type": 14,
    "object_pk": "18",
    "group": 2
  }
},
{
  "model": "guardian.groupobjectpermission",
  "pk": 153,
  "fields": {
    "permission": 54,
    "content_type": 14,
    "object_pk": "18",
    "group": 2
  }
},
{
  "model": "guardian.groupobjectpermission",
  "pk": 154,
  "fields": {
    "permission": 56,
    "content_type": 14,
    "object_pk": "18",
    "group": 2
  }
},
{
  "model": "guardian.groupobjectpermission",
  "pk": 155,
  "fields": {
    "permission": 55,
    "content_type": 14,
    "object_pk": "19",
    "group": 2
  }
},
{
  "model": "guardian.groupobjectpermission",
  "pk": 156,
  "fields": {
    "permission": 54,
    "content_type": 14,
    "object_pk": "19",
    "group": 2
  }
},
{
  "model": "guardian.groupobjectpermission",
  "pk": 157,
  "fields": {
    "permission": 56,
    "content_type": 14,
    "object_pk": "19",
    "group": 2
  }
},
{
  "model": "guardian.groupobjectpermission",
  "pk": 158,
  "fields": {
    "permission": 55,
    "content_type": 14,
    "object_pk": "20",
    "group": 2
  }
},
{
  "model": "guardian.groupobjectpermission",
  "pk": 159,
  "fields": {
    "permission": 54,
    "content_type": 14,
    "object_pk": "20",
    "group": 2
  }
},
{
  "model": "guardian.groupobjectpermission",
  "pk": 160,
  "fields": {
    "permission": 56,
    "content_type": 14,
    "object_pk": "20",
    "group": 2
  }
},
{
  "model": "guardian.groupobjectpermission",
  "pk": 161,
  "fields": {
    "permission": 55,
    "content_type": 14,
    "object_pk": "21",
    "group": 2
  }
},
{
  "model": "guardian.groupobjectpermission",
  "pk": 162,
  "fields": {
    "permission": 54,
    "content_type": 14,
    "object_pk": "21",
    "group": 2
  }
},
{
  "model": "guardian.groupobjectpermission",
  "pk": 163,
  "fields": {
    "permission": 56,
    "content_type": 14,
    "object_pk": "21",
    "group": 2
  }
},
{
  "model": "guardian.groupobjectpermission",
  "pk": 164,
  "fields": {
    "permission": 55,
    "content_type": 14,
    "object_pk": "22",
    "group": 2
  }
},
{
  "model": "guardian.groupobjectpermission",
  "pk": 165,
  "fields": {
    "permission": 54,
    "content_type": 14,
    "object_pk": "22",
    "group": 2
  }
},
{
  "model": "guardian.groupobjectpermission",
  "pk": 166,
  "fields": {
    "permission": 56,
    "content_type": 14,
    "object_pk": "22",
    "group": 2
  }
},
{
  "model": "guardian.groupobjectpermission",
  "pk": 167,
  "fields": {
    "permission": 67,
    "content_type": 17,
    "object_pk": "19",
    "group": 2
  }
},
{
  "model": "guardian.groupobjectpermission",
  "pk": 168,
  "fields": {
    "permission": 66,
    "content_type": 17,
    "object_pk": "19",
    "group": 2
  }
},
{
  "model": "guardian.groupobjectpermission",
  "pk": 169,
  "fields": {
    "permission": 68,
    "content_type": 17,
    "object_pk": "19",
    "group": 2
  }
},
{
  "model": "guardian.groupobjectpermission",
  "pk": 170,
  "fields": {
    "permission": 55,
    "content_type": 14,
    "object_pk": "23",
    "group": 2
  }
},
{
  "model": "guardian.groupobjectpermission",
  "pk": 171,
  "fields": {
    "permission": 54,
    "content_type": 14,
    "object_pk": "23",
    "group": 2
  }
},
{
  "model": "guardian.groupobjectpermission",
  "pk": 172,
  "fields": {
    "permission": 56,
    "content_type": 14,
    "object_pk": "23",
    "group": 2
  }
},
{
  "model": "guardian.groupobjectpermission",
  "pk": 173,
  "fields": {
    "permission": 55,
    "content_type": 14,
    "object_pk": "24",
    "group": 2
  }
},
{
  "model": "guardian.groupobjectpermission",
  "pk": 174,
  "fields": {
    "permission": 54,
    "content_type": 14,
    "object_pk": "24",
    "group": 2
  }
},
{
  "model": "guardian.groupobjectpermission",
  "pk": 175,
  "fields": {
    "permission": 56,
    "content_type": 14,
    "object_pk": "24",
    "group": 2
  }
},
{
  "model": "guardian.groupobjectpermission",
  "pk": 176,
  "fields": {
    "permission": 55,
    "content_type": 14,
    "object_pk": "25",
    "group": 2
  }
},
{
  "model": "guardian.groupobjectpermission",
  "pk": 177,
  "fields": {
    "permission": 54,
    "content_type": 14,
    "object_pk": "25",
    "group": 2
  }
},
{
  "model": "guardian.groupobjectpermission",
  "pk": 178,
  "fields": {
    "permission": 56,
    "content_type": 14,
    "object_pk": "25",
    "group": 2
  }
},
{
  "model": "guardian.groupobjectpermission",
  "pk": 179,
  "fields": {
    "permission": 55,
    "content_type": 14,
    "object_pk": "26",
    "group": 2
  }
},
{
  "model": "guardian.groupobjectpermission",
  "pk": 180,
  "fields": {
    "permission": 54,
    "content_type": 14,
    "object_pk": "26",
    "group": 2
  }
},
{
  "model": "guardian.groupobjectpermission",
  "pk": 181,
  "fields": {
    "permission": 56,
    "content_type": 14,
    "object_pk": "26",
    "group": 2
  }
},
{
  "model": "guardian.groupobjectpermission",
  "pk": 182,
  "fields": {
    "permission": 55,
    "content_type": 14,
    "object_pk": "27",
    "group": 2
  }
},
{
  "model": "guardian.groupobjectpermission",
  "pk": 183,
  "fields": {
    "permission": 54,
    "content_type": 14,
    "object_pk": "27",
    "group": 2
  }
},
{
  "model": "guardian.groupobjectpermission",
  "pk": 184,
  "fields": {
    "permission": 56,
    "content_type": 14,
    "object_pk": "27",
    "group": 2
  }
},
{
  "model": "guardian.groupobjectpermission",
  "pk": 185,
  "fields": {
    "permission": 55,
    "content_type": 14,
    "object_pk": "28",
    "group": 2
  }
},
{
  "model": "guardian.groupobjectpermission",
  "pk": 186,
  "fields": {
    "permission": 54,
    "content_type": 14,
    "object_pk": "28",
    "group": 2
  }
},
{
  "model": "guardian.groupobjectpermission",
  "pk": 187,
  "fields": {
    "permission": 56,
    "content_type": 14,
    "object_pk": "28",
    "group": 2
  }
},
{
  "model": "guardian.groupobjectpermission",
  "pk": 188,
  "fields": {
    "permission": 67,
    "content_type": 17,
    "object_pk": "20",
    "group": 2
  }
},
{
  "model": "guardian.groupobjectpermission",
  "pk": 189,
  "fields": {
    "permission": 66,
    "content_type": 17,
    "object_pk": "20",
    "group": 2
  }
},
{
  "model": "guardian.groupobjectpermission",
  "pk": 190,
  "fields": {
    "permission": 68,
    "content_type": 17,
    "object_pk": "20",
    "group": 2
  }
},
{
  "model": "guardian.groupobjectpermission",
  "pk": 191,
  "fields": {
    "permission": 67,
    "content_type": 17,
    "object_pk": "21",
    "group": 2
  }
},
{
  "model": "guardian.groupobjectpermission",
  "pk": 192,
  "fields": {
    "permission": 66,
    "content_type": 17,
    "object_pk": "21",
    "group": 2
  }
},
{
  "model": "guardian.groupobjectpermission",
  "pk": 193,
  "fields": {
    "permission": 68,
    "content_type": 17,
    "object_pk": "21",
    "group": 2
  }
},
{
  "model": "guardian.groupobjectpermission",
  "pk": 194,
  "fields": {
    "permission": 55,
    "content_type": 14,
    "object_pk": "29",
    "group": 2
  }
},
{
  "model": "guardian.groupobjectpermission",
  "pk": 195,
  "fields": {
    "permission": 54,
    "content_type": 14,
    "object_pk": "29",
    "group": 2
  }
},
{
  "model": "guardian.groupobjectpermission",
  "pk": 196,
  "fields": {
    "permission": 56,
    "content_type": 14,
    "object_pk": "29",
    "group": 2
  }
},
{
  "model": "guardian.groupobjectpermission",
  "pk": 197,
  "fields": {
    "permission": 67,
    "content_type": 17,
    "object_pk": "22",
    "group": 2
  }
},
{
  "model": "guardian.groupobjectpermission",
  "pk": 198,
  "fields": {
    "permission": 66,
    "content_type": 17,
    "object_pk": "22",
    "group": 2
  }
},
{
  "model": "guardian.groupobjectpermission",
  "pk": 199,
  "fields": {
    "permission": 68,
    "content_type": 17,
    "object_pk": "22",
    "group": 2
  }
},
{
  "model": "guardian.groupobjectpermission",
  "pk": 200,
  "fields": {
    "permission": 55,
    "content_type": 14,
    "object_pk": "30",
    "group": 2
  }
},
{
  "model": "guardian.groupobjectpermission",
  "pk": 201,
  "fields": {
    "permission": 54,
    "content_type": 14,
    "object_pk": "30",
    "group": 2
  }
},
{
  "model": "guardian.groupobjectpermission",
  "pk": 202,
  "fields": {
    "permission": 56,
    "content_type": 14,
    "object_pk": "30",
    "group": 2
  }
},
{
  "model": "guardian.groupobjectpermission",
  "pk": 203,
  "fields": {
    "permission": 55,
    "content_type": 14,
    "object_pk": "31",
    "group": 2
  }
},
{
  "model": "guardian.groupobjectpermission",
  "pk": 204,
  "fields": {
    "permission": 54,
    "content_type": 14,
    "object_pk": "31",
    "group": 2
  }
},
{
  "model": "guardian.groupobjectpermission",
  "pk": 205,
  "fields": {
    "permission": 56,
    "content_type": 14,
    "object_pk": "31",
    "group": 2
  }
},
{
  "model": "guardian.groupobjectpermission",
  "pk": 206,
  "fields": {
    "permission": 23,
    "content_type": 6,
    "object_pk": "1",
    "group": 2
  }
},
{
  "model": "guardian.groupobjectpermission",
  "pk": 207,
  "fields": {
    "permission": 22,
    "content_type": 6,
    "object_pk": "1",
    "group": 2
  }
},
{
  "model": "guardian.groupobjectpermission",
  "pk": 208,
  "fields": {
    "permission": 24,
    "content_type": 6,
    "object_pk": "1",
    "group": 2
  }
},
{
  "model": "guardian.groupobjectpermission",
  "pk": 209,
  "fields": {
    "permission": 55,
    "content_type": 14,
    "object_pk": "32",
    "group": 2
  }
},
{
  "model": "guardian.groupobjectpermission",
  "pk": 210,
  "fields": {
    "permission": 54,
    "content_type": 14,
    "object_pk": "32",
    "group": 2
  }
},
{
  "model": "guardian.groupobjectpermission",
  "pk": 211,
  "fields": {
    "permission": 56,
    "content_type": 14,
    "object_pk": "32",
    "group": 2
  }
},
{
  "model": "guardian.groupobjectpermission",
  "pk": 212,
  "fields": {
    "permission": 56,
    "content_type": 14,
    "object_pk": "32",
    "group": 4
  }
},
{
  "model": "guardian.groupobjectpermission",
  "pk": 213,
  "fields": {
    "permission": 56,
    "content_type": 14,
    "object_pk": "32",
    "group": 3
  }
},
{
  "model": "guardian.groupobjectpermission",
  "pk": 214,
  "fields": {
    "permission": 67,
    "content_type": 17,
    "object_pk": "23",
    "group": 2
  }
},
{
  "model": "guardian.groupobjectpermission",
  "pk": 215,
  "fields": {
    "permission": 66,
    "content_type": 17,
    "object_pk": "23",
    "group": 2
  }
},
{
  "model": "guardian.groupobjectpermission",
  "pk": 216,
  "fields": {
    "permission": 68,
    "content_type": 17,
    "object_pk": "23",
    "group": 2
  }
},
{
  "model": "guardian.groupobjectpermission",
  "pk": 217,
  "fields": {
    "permission": 68,
    "content_type": 17,
    "object_pk": "23",
    "group": 4
  }
},
{
  "model": "guardian.groupobjectpermission",
  "pk": 218,
  "fields": {
    "permission": 68,
    "content_type": 17,
    "object_pk": "23",
    "group": 3
  }
},
{
  "model": "guardian.groupobjectpermission",
  "pk": 219,
  "fields": {
    "permission": 31,
    "content_type": 8,
    "object_pk": "2",
    "group": 2
  }
},
{
  "model": "guardian.groupobjectpermission",
  "pk": 220,
  "fields": {
    "permission": 30,
    "content_type": 8,
    "object_pk": "2",
    "group": 2
  }
},
{
  "model": "guardian.groupobjectpermission",
  "pk": 221,
  "fields": {
    "permission": 32,
    "content_type": 8,
    "object_pk": "2",
    "group": 2
  }
},
{
  "model": "guardian.groupobjectpermission",
  "pk": 222,
  "fields": {
    "permission": 55,
    "content_type": 14,
    "object_pk": "33",
    "group": 2
  }
},
{
  "model": "guardian.groupobjectpermission",
  "pk": 223,
  "fields": {
    "permission": 54,
    "content_type": 14,
    "object_pk": "33",
    "group": 2
  }
},
{
  "model": "guardian.groupobjectpermission",
  "pk": 224,
  "fields": {
    "permission": 56,
    "content_type": 14,
    "object_pk": "33",
    "group": 2
  }
},
{
  "model": "guardian.groupobjectpermission",
  "pk": 225,
  "fields": {
    "permission": 67,
    "content_type": 17,
    "object_pk": "24",
    "group": 2
  }
},
{
  "model": "guardian.groupobjectpermission",
  "pk": 226,
  "fields": {
    "permission": 66,
    "content_type": 17,
    "object_pk": "24",
    "group": 2
  }
},
{
  "model": "guardian.groupobjectpermission",
  "pk": 227,
  "fields": {
    "permission": 68,
    "content_type": 17,
    "object_pk": "24",
    "group": 2
  }
},
{
  "model": "guardian.groupobjectpermission",
  "pk": 228,
  "fields": {
    "permission": 55,
    "content_type": 14,
    "object_pk": "34",
    "group": 2
  }
},
{
  "model": "guardian.groupobjectpermission",
  "pk": 229,
  "fields": {
    "permission": 54,
    "content_type": 14,
    "object_pk": "34",
    "group": 2
  }
},
{
  "model": "guardian.groupobjectpermission",
  "pk": 230,
  "fields": {
    "permission": 56,
    "content_type": 14,
    "object_pk": "34",
    "group": 2
  }
},
{
  "model": "guardian.groupobjectpermission",
  "pk": 231,
  "fields": {
    "permission": 56,
    "content_type": 14,
    "object_pk": "34",
    "group": 4
  }
},
{
  "model": "guardian.groupobjectpermission",
  "pk": 232,
  "fields": {
    "permission": 56,
    "content_type": 14,
    "object_pk": "34",
    "group": 3
  }
},
{
  "model": "guardian.groupobjectpermission",
  "pk": 233,
  "fields": {
    "permission": 83,
    "content_type": 21,
    "object_pk": "2",
    "group": 2
  }
},
{
  "model": "guardian.groupobjectpermission",
  "pk": 234,
  "fields": {
    "permission": 82,
    "content_type": 21,
    "object_pk": "2",
    "group": 2
  }
},
{
  "model": "guardian.groupobjectpermission",
  "pk": 235,
  "fields": {
    "permission": 84,
    "content_type": 21,
    "object_pk": "2",
    "group": 2
  }
},
{
  "model": "guardian.groupobjectpermission",
  "pk": 236,
  "fields": {
    "permission": 84,
    "content_type": 21,
    "object_pk": "2",
    "group": 4
  }
},
{
  "model": "guardian.groupobjectpermission",
  "pk": 237,
  "fields": {
    "permission": 84,
    "content_type": 21,
    "object_pk": "2",
    "group": 3
  }
},
{
  "model": "guardian.groupobjectpermission",
  "pk": 238,
  "fields": {
    "permission": 31,
    "content_type": 8,
    "object_pk": "3",
    "group": 2
  }
},
{
  "model": "guardian.groupobjectpermission",
  "pk": 239,
  "fields": {
    "permission": 30,
    "content_type": 8,
    "object_pk": "3",
    "group": 2
  }
},
{
  "model": "guardian.groupobjectpermission",
  "pk": 240,
  "fields": {
    "permission": 32,
    "content_type": 8,
    "object_pk": "3",
    "group": 2
  }
},
{
  "model": "guardian.groupobjectpermission",
  "pk": 241,
  "fields": {
    "permission": 32,
    "content_type": 8,
    "object_pk": "3",
    "group": 4
  }
},
{
  "model": "guardian.groupobjectpermission",
  "pk": 242,
  "fields": {
    "permission": 32,
    "content_type": 8,
    "object_pk": "3",
    "group": 3
  }
},
{
  "model": "guardian.groupobjectpermission",
  "pk": 243,
  "fields": {
    "permission": 23,
    "content_type": 6,
    "object_pk": "2",
    "group": 2
  }
},
{
  "model": "guardian.groupobjectpermission",
  "pk": 244,
  "fields": {
    "permission": 22,
    "content_type": 6,
    "object_pk": "2",
    "group": 2
  }
},
{
  "model": "guardian.groupobjectpermission",
  "pk": 245,
  "fields": {
    "permission": 24,
    "content_type": 6,
    "object_pk": "2",
    "group": 2
  }
},
{
  "model": "guardian.groupobjectpermission",
  "pk": 248,
  "fields": {
    "permission": 23,
    "content_type": 6,
    "object_pk": "3",
    "group": 2
  }
},
{
  "model": "guardian.groupobjectpermission",
  "pk": 249,
  "fields": {
    "permission": 22,
    "content_type": 6,
    "object_pk": "3",
    "group": 2
  }
},
{
  "model": "guardian.groupobjectpermission",
  "pk": 250,
  "fields": {
    "permission": 24,
    "content_type": 6,
    "object_pk": "3",
    "group": 2
  }
},
{
  "model": "guardian.groupobjectpermission",
  "pk": 253,
  "fields": {
    "permission": 51,
    "content_type": 13,
    "object_pk": "1",
    "group": 2
  }
},
{
  "model": "guardian.groupobjectpermission",
  "pk": 254,
  "fields": {
    "permission": 50,
    "content_type": 13,
    "object_pk": "1",
    "group": 2
  }
},
{
  "model": "guardian.groupobjectpermission",
  "pk": 255,
  "fields": {
    "permission": 52,
    "content_type": 13,
    "object_pk": "1",
    "group": 2
  }
},
{
  "model": "guardian.groupobjectpermission",
  "pk": 256,
  "fields": {
    "permission": 52,
    "content_type": 13,
    "object_pk": "1",
    "group": 4
  }
},
{
  "model": "guardian.groupobjectpermission",
  "pk": 257,
  "fields": {
    "permission": 52,
    "content_type": 13,
    "object_pk": "1",
    "group": 3
  }
},
{
  "model": "guardian.groupobjectpermission",
  "pk": 258,
  "fields": {
    "permission": 51,
    "content_type": 13,
    "object_pk": "2",
    "group": 2
  }
},
{
  "model": "guardian.groupobjectpermission",
  "pk": 259,
  "fields": {
    "permission": 50,
    "content_type": 13,
    "object_pk": "2",
    "group": 2
  }
},
{
  "model": "guardian.groupobjectpermission",
  "pk": 260,
  "fields": {
    "permission": 52,
    "content_type": 13,
    "object_pk": "2",
    "group": 2
  }
},
{
  "model": "guardian.groupobjectpermission",
  "pk": 261,
  "fields": {
    "permission": 31,
    "content_type": 8,
    "object_pk": "4",
    "group": 2
  }
},
{
  "model": "guardian.groupobjectpermission",
  "pk": 262,
  "fields": {
    "permission": 30,
    "content_type": 8,
    "object_pk": "4",
    "group": 2
  }
},
{
  "model": "guardian.groupobjectpermission",
  "pk": 263,
  "fields": {
    "permission": 32,
    "content_type": 8,
    "object_pk": "4",
    "group": 2
  }
},
{
  "model": "guardian.groupobjectpermission",
  "pk": 264,
  "fields": {
    "permission": 23,
    "content_type": 6,
    "object_pk": "4",
    "group": 2
  }
},
{
  "model": "guardian.groupobjectpermission",
  "pk": 265,
  "fields": {
    "permission": 22,
    "content_type": 6,
    "object_pk": "4",
    "group": 2
  }
},
{
  "model": "guardian.groupobjectpermission",
  "pk": 266,
  "fields": {
    "permission": 24,
    "content_type": 6,
    "object_pk": "4",
    "group": 2
  }
},
{
  "model": "guardian.groupobjectpermission",
  "pk": 267,
  "fields": {
    "permission": 24,
    "content_type": 6,
    "object_pk": "4",
    "group": 4
  }
},
{
  "model": "guardian.groupobjectpermission",
  "pk": 268,
  "fields": {
    "permission": 24,
    "content_type": 6,
    "object_pk": "4",
    "group": 3
  }
},
{
  "model": "guardian.groupobjectpermission",
  "pk": 269,
  "fields": {
    "permission": 23,
    "content_type": 6,
    "object_pk": "5",
    "group": 2
  }
},
{
  "model": "guardian.groupobjectpermission",
  "pk": 270,
  "fields": {
    "permission": 22,
    "content_type": 6,
    "object_pk": "5",
    "group": 2
  }
},
{
  "model": "guardian.groupobjectpermission",
  "pk": 271,
  "fields": {
    "permission": 24,
    "content_type": 6,
    "object_pk": "5",
    "group": 2
  }
},
{
  "model": "guardian.groupobjectpermission",
  "pk": 272,
  "fields": {
    "permission": 23,
    "content_type": 6,
    "object_pk": "6",
    "group": 2
  }
},
{
  "model": "guardian.groupobjectpermission",
  "pk": 273,
  "fields": {
    "permission": 22,
    "content_type": 6,
    "object_pk": "6",
    "group": 2
  }
},
{
  "model": "guardian.groupobjectpermission",
  "pk": 274,
  "fields": {
    "permission": 24,
    "content_type": 6,
    "object_pk": "6",
    "group": 2
  }
},
{
  "model": "guardian.groupobjectpermission",
  "pk": 275,
  "fields": {
    "permission": 24,
    "content_type": 6,
    "object_pk": "6",
    "group": 4
  }
},
{
  "model": "guardian.groupobjectpermission",
  "pk": 276,
  "fields": {
    "permission": 24,
    "content_type": 6,
    "object_pk": "6",
    "group": 3
  }
},
{
  "model": "guardian.groupobjectpermission",
  "pk": 277,
  "fields": {
    "permission": 23,
    "content_type": 6,
    "object_pk": "7",
    "group": 2
  }
},
{
  "model": "guardian.groupobjectpermission",
  "pk": 278,
  "fields": {
    "permission": 22,
    "content_type": 6,
    "object_pk": "7",
    "group": 2
  }
},
{
  "model": "guardian.groupobjectpermission",
  "pk": 279,
  "fields": {
    "permission": 24,
    "content_type": 6,
    "object_pk": "7",
    "group": 2
  }
},
{
  "model": "guardian.groupobjectpermission",
  "pk": 280,
  "fields": {
    "permission": 24,
    "content_type": 6,
    "object_pk": "7",
    "group": 4
  }
},
{
  "model": "guardian.groupobjectpermission",
  "pk": 281,
  "fields": {
    "permission": 24,
    "content_type": 6,
    "object_pk": "7",
    "group": 3
  }
},
{
  "model": "guardian.groupobjectpermission",
  "pk": 282,
  "fields": {
    "permission": 83,
    "content_type": 21,
    "object_pk": "3",
    "group": 2
  }
},
{
  "model": "guardian.groupobjectpermission",
  "pk": 283,
  "fields": {
    "permission": 82,
    "content_type": 21,
    "object_pk": "3",
    "group": 2
  }
},
{
  "model": "guardian.groupobjectpermission",
  "pk": 284,
  "fields": {
    "permission": 84,
    "content_type": 21,
    "object_pk": "3",
    "group": 2
  }
},
{
  "model": "guardian.groupobjectpermission",
  "pk": 285,
  "fields": {
    "permission": 84,
    "content_type": 21,
    "object_pk": "3",
    "group": 4
  }
},
{
  "model": "guardian.groupobjectpermission",
  "pk": 286,
  "fields": {
    "permission": 84,
    "content_type": 21,
    "object_pk": "3",
    "group": 3
  }
},
{
  "model": "guardian.groupobjectpermission",
  "pk": 287,
  "fields": {
    "permission": 31,
    "content_type": 8,
    "object_pk": "5",
    "group": 2
  }
},
{
  "model": "guardian.groupobjectpermission",
  "pk": 288,
  "fields": {
    "permission": 30,
    "content_type": 8,
    "object_pk": "5",
    "group": 2
  }
},
{
  "model": "guardian.groupobjectpermission",
  "pk": 289,
  "fields": {
    "permission": 32,
    "content_type": 8,
    "object_pk": "5",
    "group": 2
  }
},
{
  "model": "guardian.groupobjectpermission",
  "pk": 290,
  "fields": {
    "permission": 32,
    "content_type": 8,
    "object_pk": "5",
    "group": 4
  }
},
{
  "model": "guardian.groupobjectpermission",
  "pk": 291,
  "fields": {
    "permission": 32,
    "content_type": 8,
    "object_pk": "5",
    "group": 3
  }
},
{
  "model": "guardian.groupobjectpermission",
  "pk": 292,
  "fields": {
    "permission": 31,
    "content_type": 8,
    "object_pk": "6",
    "group": 2
  }
},
{
  "model": "guardian.groupobjectpermission",
  "pk": 293,
  "fields": {
    "permission": 30,
    "content_type": 8,
    "object_pk": "6",
    "group": 2
  }
},
{
  "model": "guardian.groupobjectpermission",
  "pk": 294,
  "fields": {
    "permission": 32,
    "content_type": 8,
    "object_pk": "6",
    "group": 2
  }
},
{
  "model": "guardian.groupobjectpermission",
  "pk": 295,
  "fields": {
    "permission": 32,
    "content_type": 8,
    "object_pk": "6",
    "group": 4
  }
},
{
  "model": "guardian.groupobjectpermission",
  "pk": 296,
  "fields": {
    "permission": 32,
    "content_type": 8,
    "object_pk": "6",
    "group": 3
  }
},
{
  "model": "guardian.groupobjectpermission",
  "pk": 297,
  "fields": {
    "permission": 39,
    "content_type": 10,
    "object_pk": "1",
    "group": 2
  }
},
{
  "model": "guardian.groupobjectpermission",
  "pk": 298,
  "fields": {
    "permission": 38,
    "content_type": 10,
    "object_pk": "1",
    "group": 2
  }
},
{
  "model": "guardian.groupobjectpermission",
  "pk": 299,
  "fields": {
    "permission": 40,
    "content_type": 10,
    "object_pk": "1",
    "group": 2
  }
},
{
  "model": "guardian.groupobjectpermission",
  "pk": 300,
  "fields": {
    "permission": 40,
    "content_type": 10,
    "object_pk": "1",
    "group": 4
  }
},
{
  "model": "guardian.groupobjectpermission",
  "pk": 301,
  "fields": {
    "permission": 40,
    "content_type": 10,
    "object_pk": "1",
    "group": 3
  }
},
{
  "model": "guardian.groupobjectpermission",
  "pk": 302,
  "fields": {
    "permission": 67,
    "content_type": 17,
    "object_pk": "25",
    "group": 2
  }
},
{
  "model": "guardian.groupobjectpermission",
  "pk": 303,
  "fields": {
    "permission": 66,
    "content_type": 17,
    "object_pk": "25",
    "group": 2
  }
},
{
  "model": "guardian.groupobjectpermission",
  "pk": 304,
  "fields": {
    "permission": 68,
    "content_type": 17,
    "object_pk": "25",
    "group": 2
  }
},
{
  "model": "guardian.groupobjectpermission",
  "pk": 305,
  "fields": {
    "permission": 68,
    "content_type": 17,
    "object_pk": "25",
    "group": 4
  }
},
{
  "model": "guardian.groupobjectpermission",
  "pk": 306,
  "fields": {
    "permission": 68,
    "content_type": 17,
    "object_pk": "25",
    "group": 3
  }
},
{
  "model": "guardian.groupobjectpermission",
  "pk": 307,
  "fields": {
    "permission": 35,
    "content_type": 9,
    "object_pk": "3",
    "group": 2
  }
},
{
  "model": "guardian.groupobjectpermission",
  "pk": 308,
  "fields": {
    "permission": 34,
    "content_type": 9,
    "object_pk": "3",
    "group": 2
  }
},
{
  "model": "guardian.groupobjectpermission",
  "pk": 309,
  "fields": {
    "permission": 36,
    "content_type": 9,
    "object_pk": "3",
    "group": 2
  }
},
{
  "model": "guardian.groupobjectpermission",
  "pk": 310,
  "fields": {
    "permission": 36,
    "content_type": 9,
    "object_pk": "3",
    "group": 4
  }
},
{
  "model": "guardian.groupobjectpermission",
  "pk": 311,
  "fields": {
    "permission": 36,
    "content_type": 9,
    "object_pk": "3",
    "group": 3
  }
},
{
  "model": "guardian.groupobjectpermission",
  "pk": 312,
  "fields": {
    "permission": 55,
    "content_type": 14,
    "object_pk": "35",
    "group": 2
  }
},
{
  "model": "guardian.groupobjectpermission",
  "pk": 313,
  "fields": {
    "permission": 54,
    "content_type": 14,
    "object_pk": "35",
    "group": 2
  }
},
{
  "model": "guardian.groupobjectpermission",
  "pk": 314,
  "fields": {
    "permission": 56,
    "content_type": 14,
    "object_pk": "35",
    "group": 2
  }
},
{
  "model": "guardian.groupobjectpermission",
  "pk": 315,
  "fields": {
    "permission": 56,
    "content_type": 14,
    "object_pk": "35",
    "group": 4
  }
},
{
  "model": "guardian.groupobjectpermission",
  "pk": 316,
  "fields": {
    "permission": 56,
    "content_type": 14,
    "object_pk": "35",
    "group": 3
  }
},
{
  "model": "guardian.groupobjectpermission",
  "pk": 317,
  "fields": {
    "permission": 67,
    "content_type": 17,
    "object_pk": "26",
    "group": 2
  }
},
{
  "model": "guardian.groupobjectpermission",
  "pk": 318,
  "fields": {
    "permission": 66,
    "content_type": 17,
    "object_pk": "26",
    "group": 2
  }
},
{
  "model": "guardian.groupobjectpermission",
  "pk": 319,
  "fields": {
    "permission": 68,
    "content_type": 17,
    "object_pk": "26",
    "group": 2
  }
},
{
  "model": "guardian.groupobjectpermission",
  "pk": 320,
  "fields": {
    "permission": 68,
    "content_type": 17,
    "object_pk": "26",
    "group": 4
  }
},
{
  "model": "guardian.groupobjectpermission",
  "pk": 321,
  "fields": {
    "permission": 68,
    "content_type": 17,
    "object_pk": "26",
    "group": 3
  }
},
{
  "model": "guardian.groupobjectpermission",
  "pk": 322,
  "fields": {
    "permission": 35,
    "content_type": 9,
    "object_pk": "4",
    "group": 2
  }
},
{
  "model": "guardian.groupobjectpermission",
  "pk": 323,
  "fields": {
    "permission": 34,
    "content_type": 9,
    "object_pk": "4",
    "group": 2
  }
},
{
  "model": "guardian.groupobjectpermission",
  "pk": 324,
  "fields": {
    "permission": 36,
    "content_type": 9,
    "object_pk": "4",
    "group": 2
  }
},
{
  "model": "guardian.groupobjectpermission",
  "pk": 325,
  "fields": {
    "permission": 36,
    "content_type": 9,
    "object_pk": "4",
    "group": 4
  }
},
{
  "model": "guardian.groupobjectpermission",
  "pk": 326,
  "fields": {
    "permission": 36,
    "content_type": 9,
    "object_pk": "4",
    "group": 3
  }
},
{
  "model": "guardian.groupobjectpermission",
  "pk": 327,
  "fields": {
    "permission": 55,
    "content_type": 14,
    "object_pk": "36",
    "group": 2
  }
},
{
  "model": "guardian.groupobjectpermission",
  "pk": 328,
  "fields": {
    "permission": 54,
    "content_type": 14,
    "object_pk": "36",
    "group": 2
  }
},
{
  "model": "guardian.groupobjectpermission",
  "pk": 329,
  "fields": {
    "permission": 56,
    "content_type": 14,
    "object_pk": "36",
    "group": 2
  }
},
{
  "model": "guardian.groupobjectpermission",
  "pk": 330,
  "fields": {
    "permission": 67,
    "content_type": 17,
    "object_pk": "27",
    "group": 2
  }
},
{
  "model": "guardian.groupobjectpermission",
  "pk": 331,
  "fields": {
    "permission": 66,
    "content_type": 17,
    "object_pk": "27",
    "group": 2
  }
},
{
  "model": "guardian.groupobjectpermission",
  "pk": 332,
  "fields": {
    "permission": 68,
    "content_type": 17,
    "object_pk": "27",
    "group": 2
  }
},
{
  "model": "guardian.groupobjectpermission",
  "pk": 333,
  "fields": {
    "permission": 51,
    "content_type": 13,
    "object_pk": "3",
    "group": 2
  }
},
{
  "model": "guardian.groupobjectpermission",
  "pk": 334,
  "fields": {
    "permission": 50,
    "content_type": 13,
    "object_pk": "3",
    "group": 2
  }
},
{
  "model": "guardian.groupobjectpermission",
  "pk": 335,
  "fields": {
    "permission": 52,
    "content_type": 13,
    "object_pk": "3",
    "group": 2
  }
},
{
  "model": "guardian.groupobjectpermission",
  "pk": 336,
  "fields": {
    "permission": 51,
    "content_type": 13,
    "object_pk": "4",
    "group": 2
  }
},
{
  "model": "guardian.groupobjectpermission",
  "pk": 337,
  "fields": {
    "permission": 50,
    "content_type": 13,
    "object_pk": "4",
    "group": 2
  }
},
{
  "model": "guardian.groupobjectpermission",
  "pk": 338,
  "fields": {
    "permission": 52,
    "content_type": 13,
    "object_pk": "4",
    "group": 2
  }
},
{
  "model": "guardian.groupobjectpermission",
  "pk": 339,
  "fields": {
    "permission": 51,
    "content_type": 13,
    "object_pk": "5",
    "group": 2
  }
},
{
  "model": "guardian.groupobjectpermission",
  "pk": 340,
  "fields": {
    "permission": 50,
    "content_type": 13,
    "object_pk": "5",
    "group": 2
  }
},
{
  "model": "guardian.groupobjectpermission",
  "pk": 341,
  "fields": {
    "permission": 52,
    "content_type": 13,
    "object_pk": "5",
    "group": 2
  }
},
{
  "model": "guardian.groupobjectpermission",
  "pk": 342,
  "fields": {
    "permission": 51,
    "content_type": 13,
    "object_pk": "6",
    "group": 2
  }
},
{
  "model": "guardian.groupobjectpermission",
  "pk": 343,
  "fields": {
    "permission": 50,
    "content_type": 13,
    "object_pk": "6",
    "group": 2
  }
},
{
  "model": "guardian.groupobjectpermission",
  "pk": 344,
  "fields": {
    "permission": 52,
    "content_type": 13,
    "object_pk": "6",
    "group": 2
  }
},
{
  "model": "guardian.groupobjectpermission",
  "pk": 345,
  "fields": {
    "permission": 51,
    "content_type": 13,
    "object_pk": "7",
    "group": 2
  }
},
{
  "model": "guardian.groupobjectpermission",
  "pk": 346,
  "fields": {
    "permission": 50,
    "content_type": 13,
    "object_pk": "7",
    "group": 2
  }
},
{
  "model": "guardian.groupobjectpermission",
  "pk": 347,
  "fields": {
    "permission": 52,
    "content_type": 13,
    "object_pk": "7",
    "group": 2
  }
},
{
  "model": "guardian.groupobjectpermission",
  "pk": 348,
  "fields": {
    "permission": 51,
    "content_type": 13,
    "object_pk": "8",
    "group": 2
  }
},
{
  "model": "guardian.groupobjectpermission",
  "pk": 349,
  "fields": {
    "permission": 50,
    "content_type": 13,
    "object_pk": "8",
    "group": 2
  }
},
{
  "model": "guardian.groupobjectpermission",
  "pk": 350,
  "fields": {
    "permission": 52,
    "content_type": 13,
    "object_pk": "8",
    "group": 2
  }
},
{
  "model": "guardian.groupobjectpermission",
  "pk": 351,
  "fields": {
    "permission": 51,
    "content_type": 13,
    "object_pk": "9",
    "group": 2
  }
},
{
  "model": "guardian.groupobjectpermission",
  "pk": 352,
  "fields": {
    "permission": 50,
    "content_type": 13,
    "object_pk": "9",
    "group": 2
  }
},
{
  "model": "guardian.groupobjectpermission",
  "pk": 353,
  "fields": {
    "permission": 52,
    "content_type": 13,
    "object_pk": "9",
    "group": 2
  }
},
{
  "model": "guardian.groupobjectpermission",
  "pk": 354,
  "fields": {
    "permission": 51,
    "content_type": 13,
    "object_pk": "10",
    "group": 2
  }
},
{
  "model": "guardian.groupobjectpermission",
  "pk": 355,
  "fields": {
    "permission": 50,
    "content_type": 13,
    "object_pk": "10",
    "group": 2
  }
},
{
  "model": "guardian.groupobjectpermission",
  "pk": 356,
  "fields": {
    "permission": 52,
    "content_type": 13,
    "object_pk": "10",
    "group": 2
  }
},
{
  "model": "guardian.groupobjectpermission",
  "pk": 357,
  "fields": {
    "permission": 51,
    "content_type": 13,
    "object_pk": "11",
    "group": 2
  }
},
{
  "model": "guardian.groupobjectpermission",
  "pk": 358,
  "fields": {
    "permission": 50,
    "content_type": 13,
    "object_pk": "11",
    "group": 2
  }
},
{
  "model": "guardian.groupobjectpermission",
  "pk": 359,
  "fields": {
    "permission": 52,
    "content_type": 13,
    "object_pk": "11",
    "group": 2
  }
},
{
  "model": "guardian.groupobjectpermission",
  "pk": 360,
  "fields": {
    "permission": 51,
    "content_type": 13,
    "object_pk": "12",
    "group": 2
  }
},
{
  "model": "guardian.groupobjectpermission",
  "pk": 361,
  "fields": {
    "permission": 50,
    "content_type": 13,
    "object_pk": "12",
    "group": 2
  }
},
{
  "model": "guardian.groupobjectpermission",
  "pk": 362,
  "fields": {
    "permission": 52,
    "content_type": 13,
    "object_pk": "12",
    "group": 2
  }
},
{
  "model": "guardian.groupobjectpermission",
  "pk": 363,
  "fields": {
    "permission": 51,
    "content_type": 13,
    "object_pk": "13",
    "group": 2
  }
},
{
  "model": "guardian.groupobjectpermission",
  "pk": 364,
  "fields": {
    "permission": 50,
    "content_type": 13,
    "object_pk": "13",
    "group": 2
  }
},
{
  "model": "guardian.groupobjectpermission",
  "pk": 365,
  "fields": {
    "permission": 52,
    "content_type": 13,
    "object_pk": "13",
    "group": 2
  }
},
{
  "model": "guardian.groupobjectpermission",
  "pk": 366,
  "fields": {
    "permission": 51,
    "content_type": 13,
    "object_pk": "14",
    "group": 2
  }
},
{
  "model": "guardian.groupobjectpermission",
  "pk": 367,
  "fields": {
    "permission": 50,
    "content_type": 13,
    "object_pk": "14",
    "group": 2
  }
},
{
  "model": "guardian.groupobjectpermission",
  "pk": 368,
  "fields": {
    "permission": 52,
    "content_type": 13,
    "object_pk": "14",
    "group": 2
  }
},
{
  "model": "guardian.groupobjectpermission",
  "pk": 369,
  "fields": {
    "permission": 51,
    "content_type": 13,
    "object_pk": "15",
    "group": 2
  }
},
{
  "model": "guardian.groupobjectpermission",
  "pk": 370,
  "fields": {
    "permission": 50,
    "content_type": 13,
    "object_pk": "15",
    "group": 2
  }
},
{
  "model": "guardian.groupobjectpermission",
  "pk": 371,
  "fields": {
    "permission": 52,
    "content_type": 13,
    "object_pk": "15",
    "group": 2
  }
},
{
  "model": "guardian.groupobjectpermission",
  "pk": 372,
  "fields": {
    "permission": 51,
    "content_type": 13,
    "object_pk": "16",
    "group": 2
  }
},
{
  "model": "guardian.groupobjectpermission",
  "pk": 373,
  "fields": {
    "permission": 50,
    "content_type": 13,
    "object_pk": "16",
    "group": 2
  }
},
{
  "model": "guardian.groupobjectpermission",
  "pk": 374,
  "fields": {
    "permission": 52,
    "content_type": 13,
    "object_pk": "16",
    "group": 2
  }
},
{
  "model": "guardian.groupobjectpermission",
  "pk": 375,
  "fields": {
    "permission": 51,
    "content_type": 13,
    "object_pk": "17",
    "group": 2
  }
},
{
  "model": "guardian.groupobjectpermission",
  "pk": 376,
  "fields": {
    "permission": 50,
    "content_type": 13,
    "object_pk": "17",
    "group": 2
  }
},
{
  "model": "guardian.groupobjectpermission",
  "pk": 377,
  "fields": {
    "permission": 52,
    "content_type": 13,
    "object_pk": "17",
    "group": 2
  }
},
{
  "model": "guardian.groupobjectpermission",
  "pk": 378,
  "fields": {
    "permission": 51,
    "content_type": 13,
    "object_pk": "18",
    "group": 2
  }
},
{
  "model": "guardian.groupobjectpermission",
  "pk": 379,
  "fields": {
    "permission": 50,
    "content_type": 13,
    "object_pk": "18",
    "group": 2
  }
},
{
  "model": "guardian.groupobjectpermission",
  "pk": 380,
  "fields": {
    "permission": 52,
    "content_type": 13,
    "object_pk": "18",
    "group": 2
  }
},
{
  "model": "guardian.groupobjectpermission",
  "pk": 381,
  "fields": {
    "permission": 51,
    "content_type": 13,
    "object_pk": "19",
    "group": 2
  }
},
{
  "model": "guardian.groupobjectpermission",
  "pk": 382,
  "fields": {
    "permission": 50,
    "content_type": 13,
    "object_pk": "19",
    "group": 2
  }
},
{
  "model": "guardian.groupobjectpermission",
  "pk": 383,
  "fields": {
    "permission": 52,
    "content_type": 13,
    "object_pk": "19",
    "group": 2
  }
},
{
  "model": "guardian.groupobjectpermission",
  "pk": 384,
  "fields": {
    "permission": 51,
    "content_type": 13,
    "object_pk": "20",
    "group": 2
  }
},
{
  "model": "guardian.groupobjectpermission",
  "pk": 385,
  "fields": {
    "permission": 50,
    "content_type": 13,
    "object_pk": "20",
    "group": 2
  }
},
{
  "model": "guardian.groupobjectpermission",
  "pk": 386,
  "fields": {
    "permission": 52,
    "content_type": 13,
    "object_pk": "20",
    "group": 2
  }
},
{
  "model": "guardian.groupobjectpermission",
  "pk": 387,
  "fields": {
    "permission": 51,
    "content_type": 13,
    "object_pk": "21",
    "group": 2
  }
},
{
  "model": "guardian.groupobjectpermission",
  "pk": 388,
  "fields": {
    "permission": 50,
    "content_type": 13,
    "object_pk": "21",
    "group": 2
  }
},
{
  "model": "guardian.groupobjectpermission",
  "pk": 389,
  "fields": {
    "permission": 52,
    "content_type": 13,
    "object_pk": "21",
    "group": 2
  }
},
{
  "model": "guardian.groupobjectpermission",
  "pk": 390,
  "fields": {
    "permission": 51,
    "content_type": 13,
    "object_pk": "22",
    "group": 2
  }
},
{
  "model": "guardian.groupobjectpermission",
  "pk": 391,
  "fields": {
    "permission": 50,
    "content_type": 13,
    "object_pk": "22",
    "group": 2
  }
},
{
  "model": "guardian.groupobjectpermission",
  "pk": 392,
  "fields": {
    "permission": 52,
    "content_type": 13,
    "object_pk": "22",
    "group": 2
  }
},
{
  "model": "guardian.groupobjectpermission",
  "pk": 393,
  "fields": {
    "permission": 51,
    "content_type": 13,
    "object_pk": "23",
    "group": 2
  }
},
{
  "model": "guardian.groupobjectpermission",
  "pk": 394,
  "fields": {
    "permission": 50,
    "content_type": 13,
    "object_pk": "23",
    "group": 2
  }
},
{
  "model": "guardian.groupobjectpermission",
  "pk": 395,
  "fields": {
    "permission": 52,
    "content_type": 13,
    "object_pk": "23",
    "group": 2
  }
},
{
  "model": "guardian.groupobjectpermission",
  "pk": 396,
  "fields": {
    "permission": 51,
    "content_type": 13,
    "object_pk": "24",
    "group": 2
  }
},
{
  "model": "guardian.groupobjectpermission",
  "pk": 397,
  "fields": {
    "permission": 50,
    "content_type": 13,
    "object_pk": "24",
    "group": 2
  }
},
{
  "model": "guardian.groupobjectpermission",
  "pk": 398,
  "fields": {
    "permission": 52,
    "content_type": 13,
    "object_pk": "24",
    "group": 2
  }
},
{
  "model": "guardian.groupobjectpermission",
  "pk": 399,
  "fields": {
    "permission": 51,
    "content_type": 13,
    "object_pk": "25",
    "group": 2
  }
},
{
  "model": "guardian.groupobjectpermission",
  "pk": 400,
  "fields": {
    "permission": 50,
    "content_type": 13,
    "object_pk": "25",
    "group": 2
  }
},
{
  "model": "guardian.groupobjectpermission",
  "pk": 401,
  "fields": {
    "permission": 52,
    "content_type": 13,
    "object_pk": "25",
    "group": 2
  }
},
{
  "model": "guardian.groupobjectpermission",
  "pk": 402,
  "fields": {
    "permission": 51,
    "content_type": 13,
    "object_pk": "26",
    "group": 2
  }
},
{
  "model": "guardian.groupobjectpermission",
  "pk": 403,
  "fields": {
    "permission": 50,
    "content_type": 13,
    "object_pk": "26",
    "group": 2
  }
},
{
  "model": "guardian.groupobjectpermission",
  "pk": 404,
  "fields": {
    "permission": 52,
    "content_type": 13,
    "object_pk": "26",
    "group": 2
  }
},
{
  "model": "guardian.groupobjectpermission",
  "pk": 405,
  "fields": {
    "permission": 51,
    "content_type": 13,
    "object_pk": "27",
    "group": 2
  }
},
{
  "model": "guardian.groupobjectpermission",
  "pk": 406,
  "fields": {
    "permission": 50,
    "content_type": 13,
    "object_pk": "27",
    "group": 2
  }
},
{
  "model": "guardian.groupobjectpermission",
  "pk": 407,
  "fields": {
    "permission": 52,
    "content_type": 13,
    "object_pk": "27",
    "group": 2
  }
},
{
  "model": "guardian.groupobjectpermission",
  "pk": 408,
  "fields": {
    "permission": 51,
    "content_type": 13,
    "object_pk": "28",
    "group": 2
  }
},
{
  "model": "guardian.groupobjectpermission",
  "pk": 409,
  "fields": {
    "permission": 50,
    "content_type": 13,
    "object_pk": "28",
    "group": 2
  }
},
{
  "model": "guardian.groupobjectpermission",
  "pk": 410,
  "fields": {
    "permission": 52,
    "content_type": 13,
    "object_pk": "28",
    "group": 2
  }
},
{
  "model": "guardian.groupobjectpermission",
  "pk": 411,
  "fields": {
    "permission": 51,
    "content_type": 13,
    "object_pk": "29",
    "group": 2
  }
},
{
  "model": "guardian.groupobjectpermission",
  "pk": 412,
  "fields": {
    "permission": 50,
    "content_type": 13,
    "object_pk": "29",
    "group": 2
  }
},
{
  "model": "guardian.groupobjectpermission",
  "pk": 413,
  "fields": {
    "permission": 52,
    "content_type": 13,
    "object_pk": "29",
    "group": 2
  }
},
{
  "model": "guardian.groupobjectpermission",
  "pk": 414,
  "fields": {
    "permission": 51,
    "content_type": 13,
    "object_pk": "30",
    "group": 2
  }
},
{
  "model": "guardian.groupobjectpermission",
  "pk": 415,
  "fields": {
    "permission": 50,
    "content_type": 13,
    "object_pk": "30",
    "group": 2
  }
},
{
  "model": "guardian.groupobjectpermission",
  "pk": 416,
  "fields": {
    "permission": 52,
    "content_type": 13,
    "object_pk": "30",
    "group": 2
  }
},
{
  "model": "guardian.groupobjectpermission",
  "pk": 417,
  "fields": {
    "permission": 51,
    "content_type": 13,
    "object_pk": "31",
    "group": 2
  }
},
{
  "model": "guardian.groupobjectpermission",
  "pk": 418,
  "fields": {
    "permission": 50,
    "content_type": 13,
    "object_pk": "31",
    "group": 2
  }
},
{
  "model": "guardian.groupobjectpermission",
  "pk": 419,
  "fields": {
    "permission": 52,
    "content_type": 13,
    "object_pk": "31",
    "group": 2
  }
},
{
  "model": "guardian.groupobjectpermission",
  "pk": 420,
  "fields": {
    "permission": 51,
    "content_type": 13,
    "object_pk": "32",
    "group": 2
  }
},
{
  "model": "guardian.groupobjectpermission",
  "pk": 421,
  "fields": {
    "permission": 50,
    "content_type": 13,
    "object_pk": "32",
    "group": 2
  }
},
{
  "model": "guardian.groupobjectpermission",
  "pk": 422,
  "fields": {
    "permission": 52,
    "content_type": 13,
    "object_pk": "32",
    "group": 2
  }
},
{
  "model": "guardian.groupobjectpermission",
  "pk": 423,
  "fields": {
    "permission": 51,
    "content_type": 13,
    "object_pk": "33",
    "group": 2
  }
},
{
  "model": "guardian.groupobjectpermission",
  "pk": 424,
  "fields": {
    "permission": 50,
    "content_type": 13,
    "object_pk": "33",
    "group": 2
  }
},
{
  "model": "guardian.groupobjectpermission",
  "pk": 425,
  "fields": {
    "permission": 52,
    "content_type": 13,
    "object_pk": "33",
    "group": 2
  }
},
{
  "model": "guardian.groupobjectpermission",
  "pk": 426,
  "fields": {
    "permission": 47,
    "content_type": 12,
    "object_pk": "1",
    "group": 2
  }
},
{
  "model": "guardian.groupobjectpermission",
  "pk": 427,
  "fields": {
    "permission": 46,
    "content_type": 12,
    "object_pk": "1",
    "group": 2
  }
},
{
  "model": "guardian.groupobjectpermission",
  "pk": 428,
  "fields": {
    "permission": 48,
    "content_type": 12,
    "object_pk": "1",
    "group": 2
  }
},
{
  "model": "guardian.groupobjectpermission",
  "pk": 429,
  "fields": {
    "permission": 47,
    "content_type": 12,
    "object_pk": "2",
    "group": 2
  }
},
{
  "model": "guardian.groupobjectpermission",
  "pk": 430,
  "fields": {
    "permission": 46,
    "content_type": 12,
    "object_pk": "2",
    "group": 2
  }
},
{
  "model": "guardian.groupobjectpermission",
  "pk": 431,
  "fields": {
    "permission": 48,
    "content_type": 12,
    "object_pk": "2",
    "group": 2
  }
},
{
  "model": "guardian.groupobjectpermission",
  "pk": 432,
  "fields": {
    "permission": 52,
    "content_type": 13,
    "object_pk": "4",
    "group": 4
  }
},
{
  "model": "guardian.groupobjectpermission",
  "pk": 433,
  "fields": {
    "permission": 52,
    "content_type": 13,
    "object_pk": "4",
    "group": 3
  }
},
{
  "model": "guardian.groupobjectpermission",
  "pk": 434,
  "fields": {
    "permission": 47,
    "content_type": 12,
    "object_pk": "3",
    "group": 2
  }
},
{
  "model": "guardian.groupobjectpermission",
  "pk": 435,
  "fields": {
    "permission": 46,
    "content_type": 12,
    "object_pk": "3",
    "group": 2
  }
},
{
  "model": "guardian.groupobjectpermission",
  "pk": 436,
  "fields": {
    "permission": 48,
    "content_type": 12,
    "object_pk": "3",
    "group": 2
  }
},
{
  "model": "guardian.groupobjectpermission",
  "pk": 437,
  "fields": {
    "permission": 51,
    "content_type": 13,
    "object_pk": "34",
    "group": 2
  }
},
{
  "model": "guardian.groupobjectpermission",
  "pk": 438,
  "fields": {
    "permission": 50,
    "content_type": 13,
    "object_pk": "34",
    "group": 2
  }
},
{
  "model": "guardian.groupobjectpermission",
  "pk": 439,
  "fields": {
    "permission": 52,
    "content_type": 13,
    "object_pk": "34",
    "group": 2
  }
},
{
  "model": "guardian.groupobjectpermission",
  "pk": 440,
  "fields": {
    "permission": 52,
    "content_type": 13,
    "object_pk": "34",
    "group": 4
  }
},
{
  "model": "guardian.groupobjectpermission",
  "pk": 441,
  "fields": {
    "permission": 52,
    "content_type": 13,
    "object_pk": "34",
    "group": 3
  }
},
{
  "model": "battDB.devicespecification",
  "pk": 2,
  "fields": {
    "name": "Cell",
    "status": "private",
    "user_owner": 1,
    "created_on": "2022-01-06T09:05:07.800Z",
    "modified_on": "2022-01-06T11:48:06.097Z",
    "attributes": {},
    "notes": "",
    "slug": "cell",
    "parent": null,
    "inherit_metadata": true,
    "abstract": true,
    "complete": false,
    "device_type": null,
    "config": null,
    "lft": 1,
    "rght": 2,
    "tree_id": 2,
    "level": 0
  }
},
{
  "model": "battDB.devicespecification",
  "pk": 3,
  "fields": {
    "name": "NMC-112",
    "status": "private",
    "user_owner": 1,
    "created_on": "2022-01-06T09:05:39.280Z",
    "modified_on": "2022-01-06T09:46:17.454Z",
    "attributes": {},
    "notes": "",
    "slug": "nmc-112",
    "parent": null,
    "inherit_metadata": true,
    "abstract": false,
    "complete": false,
    "device_type": 2,
    "config": null,
    "lft": 1,
    "rght": 2,
    "tree_id": 3,
    "level": 0
  }
},
{
  "model": "battDB.devicespecification",
  "pk": 4,
  "fields": {
    "name": "NMC-111",
    "status": "public",
    "user_owner": 1,
    "created_on": "2022-01-06T11:39:37.571Z",
    "modified_on": "2022-01-06T11:39:37.571Z",
    "attributes": {},
    "notes": "Some notes",
    "slug": "nmc-111",
    "parent": null,
    "inherit_metadata": true,
    "abstract": false,
    "complete": false,
    "device_type": 2,
    "config": null,
    "lft": 1,
    "rght": 2,
    "tree_id": 4,
    "level": 0
  }
},
{
  "model": "battDB.devicespecification",
  "pk": 5,
  "fields": {
    "name": "Cathode",
    "status": "private",
    "user_owner": 1,
    "created_on": "2022-01-06T11:41:52.240Z",
    "modified_on": "2022-01-06T11:41:52.240Z",
    "attributes": {},
    "notes": "",
    "slug": "cathode",
    "parent": null,
    "inherit_metadata": true,
    "abstract": true,
    "complete": false,
    "device_type": null,
    "config": null,
    "lft": 1,
    "rght": 2,
    "tree_id": 5,
    "level": 0
  }
},
{
  "model": "battDB.devicespecification",
  "pk": 6,
  "fields": {
    "name": "LFP",
    "status": "public",
    "user_owner": 1,
    "created_on": "2022-01-06T11:42:24.026Z",
    "modified_on": "2022-01-06T11:42:24.026Z",
    "attributes": {},
    "notes": "",
    "slug": "lfp",
    "parent": null,
    "inherit_metadata": true,
    "abstract": false,
    "complete": false,
    "device_type": 2,
    "config": null,
    "lft": 1,
    "rght": 4,
    "tree_id": 6,
    "level": 0
  }
},
{
  "model": "battDB.devicespecification",
  "pk": 7,
  "fields": {
    "name": "LiFePO4",
    "status": "public",
    "user_owner": 1,
    "created_on": "2022-01-06T11:42:45.318Z",
    "modified_on": "2022-01-06T11:42:45.318Z",
    "attributes": {},
    "notes": "",
    "slug": "lifepo4",
    "parent": 6,
    "inherit_metadata": true,
    "abstract": false,
    "complete": false,
    "device_type": 5,
    "config": null,
    "lft": 2,
    "rght": 3,
    "tree_id": 6,
    "level": 1
  }
},
{
  "model": "battDB.batch",
  "pk": 1,
  "fields": {
    "status": "private",
    "user_owner": 1,
    "created_on": "2021-12-15T15:19:09.925Z",
    "modified_on": "2022-01-06T11:23:31.869Z",
    "attributes": {},
    "notes": "",
    "slug": "university-of-bath-nmc-112-3-off-2021-12-15",
    "parent": null,
    "inherit_metadata": true,
    "specification": 3,
    "manufacturer": 1,
    "serialNo": "20211215-145921",
    "batch_size": 3,
    "manufacturing_protocol": null,
    "manufactured_on": "2021-12-15",
    "lft": 1,
    "rght": 2,
    "tree_id": 1,
    "level": 0
  }
},
{
  "model": "battDB.batch",
  "pk": 4,
  "fields": {
    "status": "private",
    "user_owner": 1,
    "created_on": "2022-01-06T11:27:16.129Z",
    "modified_on": "2022-01-06T11:27:16.129Z",
    "attributes": {},
    "notes": "notes",
    "slug": "university-of-bath-nmc-112-1-of-2022-01-06",
    "parent": null,
    "inherit_metadata": true,
    "specification": 3,
    "manufacturer": 1,
    "serialNo": "12345",
    "batch_size": 1,
    "manufacturing_protocol": null,
    "manufactured_on": "2022-01-06",
    "lft": 1,
    "rght": 2,
    "tree_id": 4,
    "level": 0
  }
},
{
  "model": "battDB.batch",
  "pk": 5,
  "fields": {
    "status": "public",
    "user_owner": 1,
    "created_on": "2022-01-06T11:44:52.177Z",
    "modified_on": "2022-01-06T11:44:52.177Z",
    "attributes": {},
    "notes": "",
    "slug": "samsung-nmc-111-10-of-2022-01-06",
    "parent": null,
    "inherit_metadata": true,
    "specification": 4,
    "manufacturer": 3,
    "serialNo": "SAM-123",
    "batch_size": 10,
    "manufacturing_protocol": null,
    "manufactured_on": "2022-01-06",
    "lft": 1,
    "rght": 2,
    "tree_id": 5,
    "level": 0
  }
},
{
  "model": "battDB.batch",
  "pk": 6,
  "fields": {
    "status": "public",
    "user_owner": 1,
    "created_on": "2022-01-06T11:45:24.284Z",
    "modified_on": "2022-01-06T11:45:24.284Z",
    "attributes": {},
    "notes": "",
    "slug": "university-of-bath-lfp-20-of-2020-05-04",
    "parent": null,
    "inherit_metadata": true,
    "specification": 6,
    "manufacturer": 1,
    "serialNo": "BAT-122",
    "batch_size": 20,
    "manufacturing_protocol": null,
    "manufactured_on": "2020-05-04",
    "lft": 1,
    "rght": 2,
    "tree_id": 6,
    "level": 0
  }
},
{
  "model": "battDB.device",
  "pk": 1,
  "fields": {
    "attributes": {},
    "notes": null,
    "batch": 1,
    "seq_num": 1
  }
},
{
  "model": "battDB.device",
  "pk": 2,
  "fields": {
    "attributes": {},
    "notes": null,
    "batch": 1,
    "seq_num": 2
  }
},
{
  "model": "battDB.device",
  "pk": 3,
  "fields": {
    "attributes": {},
    "notes": null,
    "batch": 6,
    "seq_num": 1
  }
},
{
  "model": "battDB.device",
  "pk": 4,
  "fields": {
    "attributes": {},
    "notes": null,
    "batch": 6,
    "seq_num": 2
  }
},
{
  "model": "battDB.deviceconfig",
  "pk": 1,
  "fields": {
    "name": "Single cell",
    "status": "public",
    "user_owner": 1,
    "created_on": "2022-01-06T11:47:07.136Z",
    "modified_on": "2022-01-06T11:47:07.136Z",
    "attributes": {},
    "notes": "",
    "slug": "single-cell",
    "config_type": "expmt"
  }
},
{
  "model": "battDB.parser",
  "pk": 1,
  "fields": {
    "status": "private",
    "user_owner": 1,
    "created_on": "2022-01-06T11:54:56.266Z",
    "modified_on": "2022-01-06T11:54:56.266Z",
    "attributes": {},
    "notes": "",
    "slug": "standard-biologic",
    "name": "Standard biologic",
    "file_format": "biologic"
  }
},
{
  "model": "battDB.parser",
  "pk": 2,
  "fields": {
    "status": "private",
    "user_owner": 1,
    "created_on": "2022-01-06T11:55:35.513Z",
    "modified_on": "2022-01-06T11:55:35.513Z",
    "attributes": {},
    "notes": "",
    "slug": "standard-maccor",
    "name": "Standard Maccor",
    "file_format": "maccor"
  }
},
{
  "model": "battDB.parser",
  "pk": 3,
  "fields": {
    "status": "private",
    "user_owner": 1,
    "created_on": "2022-01-06T11:56:02.913Z",
    "modified_on": "2022-01-06T11:56:02.913Z",
    "attributes": {},
    "notes": "",
    "slug": "standard-dummy",
    "name": "Standard dummy",
    "file_format": "Dummy"
  }
},
{
  "model": "battDB.equipment",
  "pk": 1,
  "fields": {
    "name": "My cycler",
    "status": "public",
    "user_owner": 1,
    "created_on": "2022-01-06T09:56:59.630Z",
    "modified_on": "2022-01-06T09:56:59.630Z",
    "attributes": {},
    "notes": "S",
    "slug": "my-cycler",
    "institution": 1,
    "serialNo": "505050-3223",
    "default_parser": null
  }
},
{
  "model": "battDB.equipment",
  "pk": 2,
  "fields": {
    "name": "Their cycler",
    "status": "private",
    "user_owner": 1,
    "created_on": "2022-01-06T09:57:14.669Z",
    "modified_on": "2022-01-06T09:57:14.669Z",
    "attributes": {},
    "notes": "",
    "slug": "their-cycler",
    "institution": 2,
    "serialNo": "sfa2121",
    "default_parser": null
  }
},
{
  "model": "battDB.equipment",
  "pk": 3,
  "fields": {
    "name": "Biologic cycler",
    "status": "private",
    "user_owner": 1,
    "created_on": "2022-01-06T11:52:29.848Z",
    "modified_on": "2022-01-06T11:55:00.688Z",
    "attributes": {},
    "notes": "",
    "slug": "biologic-cycler",
    "institution": 2,
    "serialNo": "",
    "default_parser": 1
  }
},
{
  "model": "battDB.equipment",
  "pk": 4,
  "fields": {
    "name": "Macorr cycler",
    "status": "public",
    "user_owner": 1,
    "created_on": "2022-01-06T11:52:37.956Z",
    "modified_on": "2022-01-06T11:55:38.261Z",
    "attributes": {},
    "notes": "",
    "slug": "macorr-cycler",
    "institution": 1,
    "serialNo": "",
    "default_parser": 2
  }
},
{
  "model": "battDB.equipment",
  "pk": 5,
  "fields": {
    "name": "dummy cycler",
    "status": "private",
    "user_owner": 1,
    "created_on": "2022-01-06T11:52:40.847Z",
    "modified_on": "2022-01-06T11:56:04.118Z",
    "attributes": {},
    "notes": "",
    "slug": "dummy-cycler",
    "institution": 1,
    "serialNo": "",
    "default_parser": 3
  }
},
{
  "model": "battDB.equipment",
  "pk": 34,
  "fields": {
    "name": "Bob's cycler",
    "status": "public",
    "user_owner": 2,
    "created_on": "2022-01-06T12:54:39.183Z",
    "modified_on": "2022-01-06T12:54:57.133Z",
    "attributes": {},
    "notes": "",
    "slug": "bobs-cycler",
    "institution": 2,
    "serialNo": "Bio-1223",
    "default_parser": 1
  }
},
{
  "model": "battDB.experiment",
  "pk": 33,
  "fields": {
    "name": "bob's experiment",
    "status": "private",
    "user_owner": 2,
    "created_on": "2022-01-05T10:48:41.899Z",
    "modified_on": "2022-01-06T11:49:28.697Z",
    "attributes": {},
    "notes": "I did a thing",
    "slug": "bob-bobs-experiment-2022-01-05",
    "date": "2022-01-05",
    "config": 1
  }
},
{
  "model": "battDB.experiment",
  "pk": 34,
  "fields": {
    "name": "bob's second experiment",
    "status": "public",
    "user_owner": 2,
    "created_on": "2022-01-05T10:49:03.821Z",
    "modified_on": "2022-01-06T11:48:51.854Z",
    "attributes": {},
    "notes": "I did a public thing",
    "slug": "bob-bobs-second-experiment-2022-01-05",
    "date": "2022-01-05",
    "config": 1
  }
},
{
  "model": "battDB.experiment",
  "pk": 35,
  "fields": {
    "name": "LFP cycling experiment 1",
    "status": "public",
    "user_owner": 1,
    "created_on": "2022-01-06T11:50:09.157Z",
    "modified_on": "2022-01-06T11:50:09.157Z",
    "attributes": {},
    "notes": "",
    "slug": "dan-lfp-cycling-experiment-1-2022-01-06",
    "date": "2022-01-06",
    "config": 1
  }
},
{
  "model": "battDB.experiment",
  "pk": 36,
  "fields": {
    "name": "LFP cycling experiment 2",
    "status": "private",
    "user_owner": 1,
    "created_on": "2022-01-06T11:50:56.899Z",
    "modified_on": "2022-01-06T11:50:56.899Z",
    "attributes": {},
    "notes": "",
    "slug": "dan-lfp-cycling-experiment-2-2022-01-06",
    "date": "2022-01-06",
    "config": 1
  }
},
{
  "model": "battDB.experimentdevice",
  "pk": 24,
  "fields": {
    "experiment": 33,
    "batch": 1,
    "batch_sequence": 2,
    "device_position": "cell_1",
    "data_file": null
  }
},
{
  "model": "battDB.experimentdevice",
  "pk": 25,
  "fields": {
    "experiment": 34,
    "batch": 1,
    "batch_sequence": 1,
    "device_position": "cell_1",
    "data_file": null
  }
},
{
  "model": "battDB.experimentdevice",
  "pk": 26,
  "fields": {
    "experiment": 35,
    "batch": 6,
    "batch_sequence": 1,
    "device_position": "cell_1",
    "data_file": null
  }
},
{
  "model": "battDB.experimentdevice",
  "pk": 27,
  "fields": {
    "experiment": 36,
    "batch": 6,
    "batch_sequence": 2,
    "device_position": "cell_1",
    "data_file": null
  }
},
{
  "model": "common.org",
  "pk": 1,
  "fields": {
    "created_on": "2021-12-15T15:18:19.542Z",
    "modified_on": "2021-12-15T15:18:19.542Z",
    "attributes": {},
    "notes": "",
    "slug": "university-of-bath",
    "name": "University of Bath",
    "manager": null,
    "is_research": true,
    "is_publisher": true,
    "is_mfg_cells": true,
    "is_mfg_equip": true,
    "website": null
  }
},
{
  "model": "common.org",
  "pk": 2,
  "fields": {
    "created_on": "2022-01-05T12:58:21.102Z",
    "modified_on": "2022-01-05T12:58:21.102Z",
    "attributes": {},
    "notes": "",
    "slug": "university-of-nottingham",
    "name": "University of Nottingham",
    "manager": 2,
    "is_research": true,
    "is_publisher": true,
    "is_mfg_cells": false,
    "is_mfg_equip": false,
    "website": null
  }
},
{
  "model": "common.org",
  "pk": 3,
  "fields": {
    "created_on": "2022-01-06T11:44:38.531Z",
    "modified_on": "2022-01-06T11:44:38.531Z",
    "attributes": {},
    "notes": "",
    "slug": "samsung",
    "name": "Samsung",
    "manager": 1,
    "is_research": false,
    "is_publisher": false,
    "is_mfg_cells": true,
    "is_mfg_equip": false,
    "website": null
  }
},
{
  "model": "management.user",
  "pk": 1,
  "fields": {
    "password": "pbkdf2_sha256$320000$3nIqDxlyNH69Fsh298obCO$JLP472L81NpYM1AdAyVgOE/0bb///+GEMMgmutp212M=",
    "last_login": "2022-01-06T12:57:55.882Z",
    "is_superuser": true,
    "username": "dan",
    "first_name": "",
    "last_name": "",
    "email": "",
    "is_staff": true,
    "is_active": true,
    "date_joined": "2021-12-15T13:52:50Z",
    "institution": 1,
    "groups": [],
    "user_permissions": []
  }
},
{
  "model": "management.user",
  "pk": 2,
  "fields": {
    "password": "pbkdf2_sha256$320000$SpAMLvONkpuAzdtWd9xrId$rByL+fcujnTiHfdtNnr6A2i0OBgXGJZo1SCoOp9BbmQ=",
    "last_login": "2022-01-06T09:49:00.044Z",
    "is_superuser": false,
    "username": "bob",
    "first_name": "",
    "last_name": "",
    "email": "",
    "is_staff": false,
    "is_active": true,
    "date_joined": "2021-12-15T13:58:16Z",
    "institution": 2,
    "groups": [
      4,
      3
    ],
    "user_permissions": []
  }
},
{
  "model": "management.user",
  "pk": 3,
  "fields": {
    "password": "!R3nqi6OYf81wnilOLihEH88QE69A6hVPB6SsNwOm",
    "last_login": null,
    "is_superuser": false,
    "username": "AnonymousUser",
    "first_name": "",
    "last_name": "",
    "email": "",
    "is_staff": false,
    "is_active": false,
    "date_joined": "2022-01-06T08:50:18.350Z",
    "institution": null,
    "groups": [],
    "user_permissions": []
  }
}
]
